month,avg_players,gain,pct_gain,peak_players,app_id,game_name
,963280.13,-11505.6,-1.18,1554184,730,Counter-Strike 2
2026-04-01,974785.71,-94387.41,-8.83,1564830,730,Counter-Strike 2
2026-03-01,1069173.12,-14921.47,-1.38,1717624,730,Counter-Strike 2
2026-02-01,1084094.59,13650.81,1.28,1627561,730,Counter-Strike 2
2026-01-01,1070443.78,79266.89,8.0,1654355,730,Counter-Strike 2
2025-12-01,991176.89,9694.44,0.99,1620137,730,Counter-Strike 2
2025-11-01,981482.45,33238.24,3.51,1597285,730,Counter-Strike 2
2025-10-01,948244.21,22303.9,2.41,1588091,730,Counter-Strike 2
2025-09-01,925940.31,-2488.93,-0.27,1571060,730,Counter-Strike 2
2025-08-01,928429.24,8359.26,0.91,1502245,730,Counter-Strike 2
2025-07-01,920069.98,-90054.01,-8.92,1427300,730,Counter-Strike 2
2025-06-01,1010123.99,-28472.82,-2.74,1725815,730,Counter-Strike 2
2025-05-01,1038596.81,-7104.84,-0.68,1712216,730,Counter-Strike 2
2025-04-01,1045701.65,6038.84,0.58,1811827,730,Counter-Strike 2
2025-03-01,1039662.81,36092.25,3.6,1818368,730,Counter-Strike 2
2025-02-01,1003570.56,89478.34,9.79,1783434,730,Counter-Strike 2
2025-01-01,914092.22,138.86,0.02,1594016,730,Counter-Strike 2
2024-12-01,913953.36,61789.06,7.25,1740261,730,Counter-Strike 2
2024-11-01,852164.3,22725.54,2.74,1556938,730,Counter-Strike 2
2024-10-01,829438.76,-6867.9,-0.82,1484045,730,Counter-Strike 2
2024-09-01,836306.66,-61031.22,-6.8,1473144,730,Counter-Strike 2
2024-08-01,897337.88,21972.8,2.51,1425958,730,Counter-Strike 2
2024-07-01,875365.08,-72155.45,-7.62,1342171,730,Counter-Strike 2
2024-06-01,947520.53,-10686.81,-1.12,1510840,730,Counter-Strike 2
2024-05-01,958207.34,27458.36,2.95,1614925,730,Counter-Strike 2
2024-04-01,930748.98,45119.29,5.09,1618685,730,Counter-Strike 2
2024-03-01,885629.69,98998.87,12.59,1521796,730,Counter-Strike 2
2024-02-01,786630.82,25771.59,3.39,1347519,730,Counter-Strike 2
2024-01-01,760859.23,-9235.58,-1.2,1277907,730,Counter-Strike 2
2023-12-01,770094.8,55583.37,7.78,1248217,730,Counter-Strike 2
2023-11-01,714511.43,-77613.53,-9.8,1161043,730,Counter-Strike 2
2023-10-01,792124.96,-184013.03,-18.85,1364902,730,Counter-Strike 2
2023-09-01,976137.99,53985.13,5.85,1556326,730,Counter-Strike 2
2023-08-01,922152.86,40461.95,4.59,1369511,730,Counter-Strike 2
2023-07-01,881690.91,-204275.9,-18.81,1222913,730,Counter-Strike 2
2023-06-01,1085966.81,-31550.6,-2.82,1665869,730,Counter-Strike 2
2023-05-01,1117517.4,199431.8,21.72,1802853,730,Counter-Strike 2
2023-04-01,918085.6,74611.06,8.85,1510231,730,Counter-Strike 2
2023-03-01,843474.54,38368.64,4.77,1519457,730,Counter-Strike 2
2023-02-01,805105.9,78955.61,10.87,1354248,730,Counter-Strike 2
2023-01-01,726150.29,96825.3,15.39,1199684,730,Counter-Strike 2
2022-12-01,629325.0,8319.0,1.34,1065079,730,Counter-Strike 2
2022-11-01,621005.99,12656.46,2.08,1129095,730,Counter-Strike 2
2022-10-01,608349.53,-10426.5,-1.69,1078860,730,Counter-Strike 2
2022-09-01,618776.04,-22668.74,-3.53,1100366,730,Counter-Strike 2
2022-08-01,641444.78,46991.71,7.91,1039889,730,Counter-Strike 2
2022-07-01,594453.07,22230.6,3.88,928329,730,Counter-Strike 2
2022-06-01,572222.47,7260.76,1.29,906670,730,Counter-Strike 2
2022-05-01,564961.7,-4021.46,-0.71,923996,730,Counter-Strike 2
2022-04-01,568983.16,-12506.53,-2.15,1013237,730,Counter-Strike 2
2022-03-01,581489.69,-53148.71,-8.37,987993,730,Counter-Strike 2
2022-02-01,634638.4,32262.13,5.36,995163,730,Counter-Strike 2
2022-01-01,602376.27,55762.08,10.2,991625,730,Counter-Strike 2
2021-12-01,546614.19,-1547.48,-0.28,950586,730,Counter-Strike 2
2021-11-01,548161.67,35725.82,6.97,935593,730,Counter-Strike 2
2021-10-01,512435.85,84.93,0.02,864966,730,Counter-Strike 2
2021-09-01,512350.92,268.96,0.05,942519,730,Counter-Strike 2
2021-08-01,512081.96,6014.6,1.19,802544,730,Counter-Strike 2
2021-07-01,506067.36,-43279.72,-7.88,763523,730,Counter-Strike 2
2021-06-01,549347.08,-110541.81,-16.75,929940,730,Counter-Strike 2
2021-05-01,659888.89,-63457.63,-8.77,1087197,730,Counter-Strike 2
2021-04-01,723346.52,-17581.31,-2.37,1148077,730,Counter-Strike 2
2021-03-01,740927.82,-85.42,-0.01,1198581,730,Counter-Strike 2
2021-02-01,741013.24,-2196.42,-0.3,1123485,730,Counter-Strike 2
2021-01-01,743209.66,25405.91,3.54,1124553,730,Counter-Strike 2
2020-12-01,717803.75,49049.17,7.33,1164396,730,Counter-Strike 2
2020-11-01,668754.58,55087.89,8.98,1037464,730,Counter-Strike 2
2020-10-01,613666.69,6816.37,1.12,943876,730,Counter-Strike 2
2020-09-01,606850.32,-33107.34,-5.17,977769,730,Counter-Strike 2
2020-08-01,639957.66,14056.85,2.25,925348,730,Counter-Strike 2
2020-07-01,625900.81,-45746.65,-6.81,857560,730,Counter-Strike 2
2020-06-01,671647.46,-97147.79,-12.64,1009467,730,Counter-Strike 2
2020-05-01,768795.25,-88808.97,-10.36,1193359,730,Counter-Strike 2
2020-04-01,857604.22,186570.94,27.8,1305714,730,Counter-Strike 2
2020-03-01,671033.29,127054.13,23.36,1145972,730,Counter-Strike 2
2020-02-01,543979.15,42783.15,8.54,916996,730,Counter-Strike 2
2020-01-01,501196.0,44494.44,9.74,817229,730,Counter-Strike 2
2019-12-01,456701.56,30620.76,7.19,767060,730,Counter-Strike 2
2019-11-01,426080.81,17085.5,4.18,758412,730,Counter-Strike 2
2019-10-01,408995.31,-1930.29,-0.47,747937,730,Counter-Strike 2
2019-09-01,410925.6,-4171.7,-1.0,720052,730,Counter-Strike 2
2019-08-01,415097.3,21314.48,5.41,647461,730,Counter-Strike 2
2019-07-01,393782.83,4406.1,1.13,578933,730,Counter-Strike 2
2019-06-01,389376.72,24959.42,6.85,587724,730,Counter-Strike 2
2019-05-01,364417.31,12427.39,3.53,588453,730,Counter-Strike 2
2019-04-01,351989.92,-38250.24,-9.8,621614,730,Counter-Strike 2
2019-03-01,390240.16,18881.2,5.08,680071,730,Counter-Strike 2
2019-02-01,371358.96,-30007.91,-7.48,654069,730,Counter-Strike 2
2019-01-01,401366.87,5857.61,1.48,684511,730,Counter-Strike 2
2018-12-01,395509.26,85423.83,27.55,746548,730,Counter-Strike 2
2018-11-01,310085.43,-15822.39,-4.85,546031,730,Counter-Strike 2
2018-10-01,325907.82,-7256.17,-2.18,565968,730,Counter-Strike 2
2018-09-01,333163.99,49632.68,17.51,583029,730,Counter-Strike 2
2018-08-01,283531.31,10224.05,3.74,454370,730,Counter-Strike 2
2018-07-01,273307.26,6445.02,2.42,426008,730,Counter-Strike 2
2018-06-01,266862.24,4691.36,1.79,420261,730,Counter-Strike 2
2018-05-01,262170.88,-26905.82,-9.31,454481,730,Counter-Strike 2
2018-04-01,289076.7,-65193.64,-18.4,523262,730,Counter-Strike 2
2018-03-01,354270.33,-28186.77,-7.37,672502,730,Counter-Strike 2
2018-02-01,382457.1,426.57,0.11,686588,730,Counter-Strike 2
2018-01-01,382030.53,41153.65,12.07,715850,730,Counter-Strike 2
2017-12-01,340876.88,19745.48,6.15,598405,730,Counter-Strike 2
2017-11-01,321131.4,-20729.86,-6.06,601881,730,Counter-Strike 2
2017-10-01,341861.26,-12540.83,-3.54,639968,730,Counter-Strike 2
2017-09-01,354402.09,-20023.6,-5.35,665371,730,Counter-Strike 2
2017-08-01,374425.69,-3163.35,-0.84,595781,730,Counter-Strike 2
2017-07-01,377589.04,3201.0,0.85,624785,730,Counter-Strike 2
2017-06-01,374388.04,2558.7,0.69,614621,730,Counter-Strike 2
2017-05-01,371829.34,-20369.85,-5.19,692966,730,Counter-Strike 2
2017-04-01,392199.19,5290.47,1.37,709841,730,Counter-Strike 2
2017-03-01,386908.72,-15476.99,-3.85,742356,730,Counter-Strike 2
2017-02-01,402385.71,9276.18,2.36,744468,730,Counter-Strike 2
2017-01-01,393109.53,50913.83,14.88,814616,730,Counter-Strike 2
2016-12-01,342195.7,13150.44,4.0,662460,730,Counter-Strike 2
2016-11-01,329045.26,-4031.2,-1.21,627124,730,Counter-Strike 2
2016-10-01,333076.46,10550.57,3.27,661985,730,Counter-Strike 2
2016-09-01,322525.89,-24703.36,-7.11,638360,730,Counter-Strike 2
2016-08-01,347229.25,-6548.31,-1.85,599095,730,Counter-Strike 2
2016-07-01,353777.56,19466.5,5.82,636056,730,Counter-Strike 2
2016-06-01,334311.06,-4427.34,-1.31,579110,730,Counter-Strike 2
2016-05-01,338738.39,-37057.47,-9.86,668612,730,Counter-Strike 2
2016-04-01,375795.87,-3631.08,-0.96,850485,730,Counter-Strike 2
2016-03-01,379426.95,3141.92,0.83,737599,730,Counter-Strike 2
2016-02-01,376285.02,10913.93,2.99,738969,730,Counter-Strike 2
2016-01-01,365371.09,-12076.02,-3.2,667432,730,Counter-Strike 2
2015-12-01,377447.11,16521.23,4.58,823694,730,Counter-Strike 2
2015-11-01,360925.88,-1840.21,-0.51,786707,730,Counter-Strike 2
2015-10-01,362766.09,6860.76,1.93,732093,730,Counter-Strike 2
2015-09-01,355905.33,-1629.91,-0.46,725939,730,Counter-Strike 2
2015-08-01,357535.24,28002.87,8.5,819902,730,Counter-Strike 2
2015-07-01,329532.38,-14623.63,-4.25,541181,730,Counter-Strike 2
2015-06-01,344156.01,26869.72,8.47,610401,730,Counter-Strike 2
2015-05-01,317286.29,25537.55,8.75,677701,730,Counter-Strike 2
2015-04-01,291748.74,23752.43,8.86,568556,730,Counter-Strike 2
2015-03-01,267996.31,28061.68,11.7,595439,730,Counter-Strike 2
2015-02-01,239934.64,5863.96,2.51,455508,730,Counter-Strike 2
2015-01-01,234070.68,50481.18,27.5,443188,730,Counter-Strike 2
2014-12-01,183589.5,36260.43,24.61,367634,730,Counter-Strike 2
2014-11-01,147329.07,13791.37,10.33,348018,730,Counter-Strike 2
2014-10-01,133537.7,2503.02,1.91,260613,730,Counter-Strike 2
2014-09-01,131034.68,-2151.11,-1.62,242494,730,Counter-Strike 2
2014-08-01,133185.79,27047.79,25.48,277192,730,Counter-Strike 2
2014-07-01,106138.0,21974.38,26.11,193613,730,Counter-Strike 2
2014-06-01,84163.62,-761.4,-0.9,164134,730,Counter-Strike 2
2014-05-01,84925.02,6044.49,7.66,170137,730,Counter-Strike 2
2014-04-01,78880.53,8737.2,12.46,142526,730,Counter-Strike 2
2014-03-01,70143.33,10351.96,17.31,164495,730,Counter-Strike 2
2014-02-01,59791.37,4164.01,7.49,119764,730,Counter-Strike 2
2014-01-01,55627.35,8839.08,18.89,102084,730,Counter-Strike 2
2013-12-01,46788.27,16897.75,56.53,96298,730,Counter-Strike 2
2013-11-01,29890.52,1988.38,7.13,92279,730,Counter-Strike 2
2013-10-01,27902.14,223.23,0.81,53263,730,Counter-Strike 2
2013-09-01,27678.91,1717.06,6.61,52052,730,Counter-Strike 2
2013-08-01,25961.85,5469.33,26.69,50511,730,Counter-Strike 2
2013-07-01,20492.52,2372.68,13.09,42149,730,Counter-Strike 2
2013-06-01,18119.84,-590.5,-3.16,33700,730,Counter-Strike 2
2013-05-01,18710.34,2704.34,16.9,53379,730,Counter-Strike 2
2013-04-01,16006.0,46.11,0.29,31966,730,Counter-Strike 2
2013-03-01,15959.89,-1412.84,-8.13,32166,730,Counter-Strike 2
2013-02-01,17372.73,1208.51,7.48,35238,730,Counter-Strike 2
2013-01-01,16164.22,2084.83,14.81,31359,730,Counter-Strike 2
2012-12-01,14079.39,-54.71,-0.39,27553,730,Counter-Strike 2
2012-11-01,14134.1,3394.62,31.61,50533,730,Counter-Strike 2
2012-10-01,10739.48,-5261.27,-32.88,20850,730,Counter-Strike 2
2012-09-01,16000.75,525.36,3.39,36057,730,Counter-Strike 2
2012-08-01,15475.39,14542.81,1559.43,52261,730,Counter-Strike 2
2012-07-01,932.57,,,1642,730,Counter-Strike 2
,358219.75,5052.4,1.43,979753,578080,PUBG: BATTLEGROUNDS
2026-04-01,353167.38,25954.6,7.93,979753,578080,PUBG: BATTLEGROUNDS
2026-03-01,327212.78,60077.82,22.49,1290870,578080,PUBG: BATTLEGROUNDS
2026-02-01,267134.96,-23261.73,-8.01,694462,578080,PUBG: BATTLEGROUNDS
2026-01-01,290396.69,10990.22,3.93,712143,578080,PUBG: BATTLEGROUNDS
2025-12-01,279406.47,1421.25,0.51,751295,578080,PUBG: BATTLEGROUNDS
2025-11-01,277985.22,11426.23,4.29,691068,578080,PUBG: BATTLEGROUNDS
2025-10-01,266558.99,-11536.63,-4.15,750442,578080,PUBG: BATTLEGROUNDS
2025-09-01,278095.62,-17408.34,-5.89,707773,578080,PUBG: BATTLEGROUNDS
2025-08-01,295503.96,-7757.35,-2.56,724503,578080,PUBG: BATTLEGROUNDS
2025-07-01,303261.31,-6630.7,-2.14,944484,578080,PUBG: BATTLEGROUNDS
2025-06-01,309892.01,4638.83,1.52,778327,578080,PUBG: BATTLEGROUNDS
2025-05-01,305253.18,-12187.85,-3.84,804674,578080,PUBG: BATTLEGROUNDS
2025-04-01,317441.03,-28086.31,-8.13,861598,578080,PUBG: BATTLEGROUNDS
2025-03-01,345527.34,28750.95,9.08,1329605,578080,PUBG: BATTLEGROUNDS
2025-02-01,316776.38,9226.07,3.0,818843,578080,PUBG: BATTLEGROUNDS
2025-01-01,307550.31,-13547.61,-4.22,786821,578080,PUBG: BATTLEGROUNDS
2024-12-01,321097.93,5484.73,1.74,799077,578080,PUBG: BATTLEGROUNDS
2024-11-01,315613.2,22263.22,7.59,796001,578080,PUBG: BATTLEGROUNDS
2024-10-01,293349.98,-4917.4,-1.65,762909,578080,PUBG: BATTLEGROUNDS
2024-09-01,298267.38,13019.92,4.56,807515,578080,PUBG: BATTLEGROUNDS
2024-08-01,285247.47,-8149.34,-2.78,719506,578080,PUBG: BATTLEGROUNDS
2024-07-01,293396.8,5898.28,2.05,700235,578080,PUBG: BATTLEGROUNDS
2024-06-01,287498.52,16134.3,5.95,699256,578080,PUBG: BATTLEGROUNDS
2024-05-01,271364.22,-9488.99,-3.38,693105,578080,PUBG: BATTLEGROUNDS
2024-04-01,280853.22,-488.86,-0.17,699697,578080,PUBG: BATTLEGROUNDS
2024-03-01,281342.08,31027.14,12.4,764034,578080,PUBG: BATTLEGROUNDS
2024-02-01,250314.93,757.27,0.3,609366,578080,PUBG: BATTLEGROUNDS
2024-01-01,249557.66,2545.11,1.03,587152,578080,PUBG: BATTLEGROUNDS
2023-12-01,247012.55,40803.98,19.79,623852,578080,PUBG: BATTLEGROUNDS
2023-11-01,206208.57,17537.75,9.3,502374,578080,PUBG: BATTLEGROUNDS
2023-10-01,188670.82,6714.43,3.69,444585,578080,PUBG: BATTLEGROUNDS
2023-09-01,181956.39,1583.5,0.88,415099,578080,PUBG: BATTLEGROUNDS
2023-08-01,180372.9,16865.16,10.31,397857,578080,PUBG: BATTLEGROUNDS
2023-07-01,163507.73,-935.7,-0.57,356738,578080,PUBG: BATTLEGROUNDS
2023-06-01,164443.43,-19055.55,-10.38,376727,578080,PUBG: BATTLEGROUNDS
2023-05-01,183498.98,-14237.33,-7.2,414957,578080,PUBG: BATTLEGROUNDS
2023-04-01,197736.31,-5668.79,-2.79,444973,578080,PUBG: BATTLEGROUNDS
2023-03-01,203405.11,-17466.4,-7.91,459344,578080,PUBG: BATTLEGROUNDS
2023-02-01,220871.5,17213.07,8.45,490332,578080,PUBG: BATTLEGROUNDS
2023-01-01,203658.43,-8631.93,-4.07,465423,578080,PUBG: BATTLEGROUNDS
2022-12-01,212290.36,28370.57,15.43,586384,578080,PUBG: BATTLEGROUNDS
2022-11-01,183919.79,-12639.09,-6.43,425493,578080,PUBG: BATTLEGROUNDS
2022-10-01,196558.88,1119.84,0.57,440651,578080,PUBG: BATTLEGROUNDS
2022-09-01,195439.04,11066.52,6.0,448410,578080,PUBG: BATTLEGROUNDS
2022-08-01,184372.52,7354.3,4.15,395910,578080,PUBG: BATTLEGROUNDS
2022-07-01,177018.21,-4169.6,-2.3,391255,578080,PUBG: BATTLEGROUNDS
2022-06-01,181187.81,-19666.4,-9.79,413426,578080,PUBG: BATTLEGROUNDS
2022-05-01,200854.21,-22687.24,-10.15,468207,578080,PUBG: BATTLEGROUNDS
2022-04-01,223541.44,-2573.45,-1.14,527433,578080,PUBG: BATTLEGROUNDS
2022-03-01,226114.89,-15059.57,-6.24,535587,578080,PUBG: BATTLEGROUNDS
2022-02-01,241174.46,-1147.89,-0.47,532109,578080,PUBG: BATTLEGROUNDS
2022-01-01,242322.35,88651.54,57.69,696704,578080,PUBG: BATTLEGROUNDS
2021-12-01,153670.81,12409.62,8.78,363839,578080,PUBG: BATTLEGROUNDS
2021-11-01,141261.19,-17176.69,-10.84,341570,578080,PUBG: BATTLEGROUNDS
2021-10-01,158437.88,-8664.24,-5.18,393496,578080,PUBG: BATTLEGROUNDS
2021-09-01,167102.12,-17726.28,-9.59,400709,578080,PUBG: BATTLEGROUNDS
2021-08-01,184828.4,-1421.57,-0.76,444355,578080,PUBG: BATTLEGROUNDS
2021-07-01,186249.97,6911.7,3.85,413274,578080,PUBG: BATTLEGROUNDS
2021-06-01,179338.27,-5362.95,-2.9,427913,578080,PUBG: BATTLEGROUNDS
2021-05-01,184701.21,-1409.44,-0.76,419509,578080,PUBG: BATTLEGROUNDS
2021-04-01,186110.65,-7003.53,-3.63,453579,578080,PUBG: BATTLEGROUNDS
2021-03-01,193114.18,-5843.34,-2.94,464480,578080,PUBG: BATTLEGROUNDS
2021-02-01,198957.52,-2289.67,-1.14,447390,578080,PUBG: BATTLEGROUNDS
2021-01-01,201247.19,12013.61,6.35,451998,578080,PUBG: BATTLEGROUNDS
2020-12-01,189233.58,9713.32,5.41,444680,578080,PUBG: BATTLEGROUNDS
2020-11-01,179520.26,16934.62,10.42,438919,578080,PUBG: BATTLEGROUNDS
2020-10-01,162585.64,-6508.07,-3.85,381079,578080,PUBG: BATTLEGROUNDS
2020-09-01,169093.71,-23398.9,-12.16,403693,578080,PUBG: BATTLEGROUNDS
2020-08-01,192492.61,-19207.7,-9.07,443390,578080,PUBG: BATTLEGROUNDS
2020-07-01,211700.3,-18629.44,-8.09,469568,578080,PUBG: BATTLEGROUNDS
2020-06-01,230329.74,-12929.04,-5.31,546359,578080,PUBG: BATTLEGROUNDS
2020-05-01,243258.78,411.51,0.17,553121,578080,PUBG: BATTLEGROUNDS
2020-04-01,242847.28,14380.11,6.29,913075,578080,PUBG: BATTLEGROUNDS
2020-03-01,228467.17,-29117.16,-11.3,562028,578080,PUBG: BATTLEGROUNDS
2020-02-01,257584.32,-17778.72,-6.46,606689,578080,PUBG: BATTLEGROUNDS
2020-01-01,275363.04,-33082.41,-10.73,645414,578080,PUBG: BATTLEGROUNDS
2019-12-01,308445.45,2786.06,0.91,686239,578080,PUBG: BATTLEGROUNDS
2019-11-01,305659.39,18525.98,6.45,695920,578080,PUBG: BATTLEGROUNDS
2019-10-01,287133.41,-24310.9,-7.81,637870,578080,PUBG: BATTLEGROUNDS
2019-09-01,311444.31,-47086.65,-13.13,660864,578080,PUBG: BATTLEGROUNDS
2019-08-01,358530.96,5642.08,1.6,750941,578080,PUBG: BATTLEGROUNDS
2019-07-01,352888.88,-10194.48,-2.81,745224,578080,PUBG: BATTLEGROUNDS
2019-06-01,363083.37,-22757.23,-5.9,745960,578080,PUBG: BATTLEGROUNDS
2019-05-01,385840.59,-4260.3,-1.09,817595,578080,PUBG: BATTLEGROUNDS
2019-04-01,390100.9,-27711.61,-6.63,886255,578080,PUBG: BATTLEGROUNDS
2019-03-01,417812.51,-20146.59,-4.6,931407,578080,PUBG: BATTLEGROUNDS
2019-02-01,437959.1,-59844.15,-12.02,931754,578080,PUBG: BATTLEGROUNDS
2019-01-01,497803.25,24261.99,5.12,1084606,578080,PUBG: BATTLEGROUNDS
2018-12-01,473541.26,55381.78,13.24,1109766,578080,PUBG: BATTLEGROUNDS
2018-11-01,418159.48,-50982.25,-10.87,895650,578080,PUBG: BATTLEGROUNDS
2018-10-01,469141.74,-73465.31,-13.54,1048662,578080,PUBG: BATTLEGROUNDS
2018-09-01,542607.05,-76713.44,-12.39,1125229,578080,PUBG: BATTLEGROUNDS
2018-08-01,619320.48,-69299.93,-10.06,1260894,578080,PUBG: BATTLEGROUNDS
2018-07-01,688620.42,-112047.81,-13.99,1350463,578080,PUBG: BATTLEGROUNDS
2018-06-01,800668.23,-75512.41,-8.62,1750216,578080,PUBG: BATTLEGROUNDS
2018-05-01,876180.64,-231001.16,-20.86,2175704,578080,PUBG: BATTLEGROUNDS
2018-04-01,1107181.8,-188226.79,-14.53,2456361,578080,PUBG: BATTLEGROUNDS
2018-03-01,1295408.59,-95606.71,-6.87,2799269,578080,PUBG: BATTLEGROUNDS
2018-02-01,1391015.3,-193871.48,-12.23,2934761,578080,PUBG: BATTLEGROUNDS
2018-01-01,1584886.77,148728.26,10.36,3236027,578080,PUBG: BATTLEGROUNDS
2017-12-01,1436158.51,101988.42,7.64,3080769,578080,PUBG: BATTLEGROUNDS
2017-11-01,1334170.09,247531.23,22.78,2915723,578080,PUBG: BATTLEGROUNDS
2017-10-01,1086638.87,426446.12,64.59,2390946,578080,PUBG: BATTLEGROUNDS
2017-09-01,660192.74,270665.33,69.49,1550463,578080,PUBG: BATTLEGROUNDS
2017-08-01,389527.42,159825.72,69.58,874171,578080,PUBG: BATTLEGROUNDS
2017-07-01,229701.7,89799.46,64.19,481291,578080,PUBG: BATTLEGROUNDS
2017-06-01,139902.24,32460.64,30.21,267194,578080,PUBG: BATTLEGROUNDS
2017-05-01,107441.6,37646.63,53.94,189456,578080,PUBG: BATTLEGROUNDS
2017-04-01,69794.98,52243.84,297.67,140104,578080,PUBG: BATTLEGROUNDS
2017-03-01,17551.14,,,67846,578080,PUBG: BATTLEGROUNDS
,428402.01,2483.4,0.58,695006,570,Dota 2
2026-04-01,425918.58,-51936.99,-10.87,695006,570,Dota 2
2026-03-01,477855.57,-119154.25,-19.96,859016,570,Dota 2
2026-02-01,597009.82,27685.64,4.86,869734,570,Dota 2
2026-01-01,569324.18,-24965.76,-4.2,855690,570,Dota 2
2025-12-01,594289.94,10546.17,1.81,903542,570,Dota 2
2025-11-01,583743.77,44745.74,8.3,903303,570,Dota 2
2025-10-01,538998.03,-41822.6,-7.2,858940,570,Dota 2
2025-09-01,580820.63,48465.44,9.1,953869,570,Dota 2
2025-08-01,532355.19,105682.52,24.77,818732,570,Dota 2
2025-07-01,426672.67,15549.36,3.78,657349,570,Dota 2
2025-06-01,411123.31,2135.63,0.52,650259,570,Dota 2
2025-05-01,408987.68,15814.46,4.02,657074,570,Dota 2
2025-04-01,393173.22,-9678.01,-2.4,630716,570,Dota 2
2025-03-01,402851.23,-28897.46,-6.69,656279,570,Dota 2
2025-02-01,431748.69,-14742.46,-3.3,708043,570,Dota 2
2025-01-01,446491.16,8855.46,2.02,719825,570,Dota 2
2024-12-01,437635.69,-17320.52,-3.81,744163,570,Dota 2
2024-11-01,454956.21,44274.7,10.78,797599,570,Dota 2
2024-10-01,410681.51,-16130.16,-3.78,706726,570,Dota 2
2024-09-01,426811.67,-22986.42,-5.11,726385,570,Dota 2
2024-08-01,449798.09,-25595.56,-5.38,734381,570,Dota 2
2024-07-01,475393.65,-11280.69,-2.32,801126,570,Dota 2
2024-06-01,486674.34,-26244.86,-5.12,869492,570,Dota 2
2024-05-01,512919.2,56368.39,12.35,943059,570,Dota 2
2024-04-01,456550.81,27632.26,6.44,921133,570,Dota 2
2024-03-01,428918.55,996.14,0.23,729865,570,Dota 2
2024-02-01,427922.41,-12306.95,-2.8,741290,570,Dota 2
2024-01-01,440229.36,4711.72,1.08,736488,570,Dota 2
2023-12-01,435517.65,1790.02,0.41,802728,570,Dota 2
2023-11-01,433727.63,-1893.35,-0.43,767353,570,Dota 2
2023-10-01,435620.98,-1652.43,-0.38,780443,570,Dota 2
2023-09-01,437273.4,-7045.83,-1.59,777466,570,Dota 2
2023-08-01,444319.24,5809.01,1.32,855495,570,Dota 2
2023-07-01,438510.22,17173.81,4.08,702381,570,Dota 2
2023-06-01,421336.42,-11884.27,-2.74,679525,570,Dota 2
2023-05-01,433220.69,3994.22,0.93,711816,570,Dota 2
2023-04-01,429226.47,10481.98,2.5,809580,570,Dota 2
2023-03-01,418744.49,16897.45,4.2,752617,570,Dota 2
2023-02-01,401847.04,-26449.56,-6.18,680746,570,Dota 2
2023-01-01,428296.61,-40248.41,-8.59,764490,570,Dota 2
2022-12-01,468545.02,-55139.04,-10.53,827395,570,Dota 2
2022-11-01,523684.06,67381.42,14.77,990057,570,Dota 2
2022-10-01,456302.65,-34422.21,-7.01,1038848,570,Dota 2
2022-09-01,490724.86,22257.99,4.75,867484,570,Dota 2
2022-08-01,468466.87,23872.31,5.37,747231,570,Dota 2
2022-07-01,444594.56,-13548.95,-2.96,684842,570,Dota 2
2022-06-01,458143.51,11226.61,2.51,699592,570,Dota 2
2022-05-01,446916.9,-4909.87,-1.09,691586,570,Dota 2
2022-04-01,451826.77,3103.17,0.69,730168,570,Dota 2
2022-03-01,448723.6,-1476.54,-0.33,740784,570,Dota 2
2022-02-01,450200.14,-35591.3,-7.33,725851,570,Dota 2
2022-01-01,485791.43,36494.07,8.12,786118,570,Dota 2
2021-12-01,449297.37,436.83,0.1,756170,570,Dota 2
2021-11-01,448860.53,-1900.91,-0.42,747506,570,Dota 2
2021-10-01,450761.44,59679.37,15.26,752482,570,Dota 2
2021-09-01,391082.08,-33898.09,-7.98,666838,570,Dota 2
2021-08-01,424980.17,1823.99,0.43,699613,570,Dota 2
2021-07-01,423156.18,1646.22,0.39,707406,570,Dota 2
2021-06-01,421509.96,6365.0,1.53,734277,570,Dota 2
2021-05-01,415144.96,1360.0,0.33,672307,570,Dota 2
2021-04-01,413784.97,23372.21,5.99,705534,570,Dota 2
2021-03-01,390412.76,-14419.37,-3.56,648875,570,Dota 2
2021-02-01,404832.13,-27839.52,-6.43,651615,570,Dota 2
2021-01-01,432671.65,10119.33,2.39,694613,570,Dota 2
2020-12-01,422552.32,-3352.52,-0.79,697833,570,Dota 2
2020-11-01,425904.83,19543.48,4.81,711824,570,Dota 2
2020-10-01,406361.36,-2248.43,-0.55,723280,570,Dota 2
2020-09-01,408609.78,-21107.34,-4.91,670547,570,Dota 2
2020-08-01,429717.12,-20496.87,-4.55,666138,570,Dota 2
2020-07-01,450213.99,-6970.43,-1.52,712610,570,Dota 2
2020-06-01,457184.42,-27004.6,-5.58,733294,570,Dota 2
2020-05-01,484189.02,-9111.25,-1.85,793135,570,Dota 2
2020-04-01,493300.27,56152.91,12.85,801121,570,Dota 2
2020-03-01,437147.36,31168.71,7.68,743933,570,Dota 2
2020-02-01,405978.65,27053.22,7.14,663812,570,Dota 2
2020-01-01,378925.43,-5254.32,-1.37,616415,570,Dota 2
2019-12-01,384179.76,-17752.05,-4.42,685165,570,Dota 2
2019-11-01,401931.8,13575.94,3.5,708517,570,Dota 2
2019-10-01,388355.86,-33615.38,-7.97,739924,570,Dota 2
2019-09-01,421971.24,-45177.05,-9.67,753996,570,Dota 2
2019-08-01,467148.29,2360.67,0.51,826690,570,Dota 2
2019-07-01,464787.61,-42740.82,-8.42,779160,570,Dota 2
2019-06-01,507528.44,-40994.74,-7.47,865374,570,Dota 2
2019-05-01,548523.18,28304.2,5.44,997341,570,Dota 2
2019-04-01,520218.98,-66286.87,-11.3,971545,570,Dota 2
2019-03-01,586505.85,21596.18,3.82,1033925,570,Dota 2
2019-02-01,564909.67,89162.67,18.74,964921,570,Dota 2
2019-01-01,475747.0,36379.17,8.28,874888,570,Dota 2
2018-12-01,439367.83,-21705.66,-4.71,765422,570,Dota 2
2018-11-01,461073.48,29899.57,6.93,826053,570,Dota 2
2018-10-01,431173.91,-35296.83,-7.57,739643,570,Dota 2
2018-09-01,466470.74,-9630.34,-2.02,826166,570,Dota 2
2018-08-01,476101.08,34386.73,7.78,829281,570,Dota 2
2018-07-01,441714.35,-32185.65,-6.79,701582,570,Dota 2
2018-06-01,473900.0,-425.87,-0.09,796886,570,Dota 2
2018-05-01,474325.87,43984.93,10.22,844713,570,Dota 2
2018-04-01,430340.94,-6921.4,-1.58,733214,570,Dota 2
2018-03-01,437262.35,-1585.37,-0.36,773897,570,Dota 2
2018-02-01,438847.72,-48014.2,-9.86,779299,570,Dota 2
2018-01-01,486861.91,-26212.42,-5.11,778627,570,Dota 2
2017-12-01,513074.33,25693.09,5.27,864939,570,Dota 2
2017-11-01,487381.24,21254.45,4.56,861173,570,Dota 2
2017-10-01,466126.79,-25323.37,-5.15,832550,570,Dota 2
2017-09-01,491450.16,-65046.14,-11.69,829555,570,Dota 2
2017-08-01,556496.3,58051.92,11.65,876395,570,Dota 2
2017-07-01,498444.38,-56844.7,-10.24,824297,570,Dota 2
2017-06-01,555289.07,-12237.35,-2.16,923122,570,Dota 2
2017-05-01,567526.42,27248.39,5.04,972876,570,Dota 2
2017-04-01,540278.03,-8157.41,-1.49,921318,570,Dota 2
2017-03-01,548435.44,-43131.81,-7.29,956232,570,Dota 2
2017-02-01,591567.25,11285.78,1.94,1040877,570,Dota 2
2017-01-01,580281.47,-13639.13,-2.3,1007451,570,Dota 2
2016-12-01,593920.6,9669.27,1.65,1014671,570,Dota 2
2016-11-01,584251.33,-55103.82,-8.62,1007270,570,Dota 2
2016-10-01,639355.14,16771.24,2.69,1141191,570,Dota 2
2016-09-01,622583.9,-43429.15,-6.52,1064377,570,Dota 2
2016-08-01,666013.05,27800.4,4.36,1117519,570,Dota 2
2016-07-01,638212.65,-2014.33,-0.31,1084198,570,Dota 2
2016-06-01,640226.98,16428.3,2.63,1095994,570,Dota 2
2016-05-01,623798.67,-33145.7,-5.05,1075307,570,Dota 2
2016-04-01,656944.37,-15610.52,-2.32,1164041,570,Dota 2
2016-03-01,672554.89,-36623.36,-5.16,1291328,570,Dota 2
2016-02-01,709178.26,97003.48,15.85,1248394,570,Dota 2
2016-01-01,612174.78,38830.53,6.77,1067949,570,Dota 2
2015-12-01,573344.25,33807.92,6.27,999452,570,Dota 2
2015-11-01,539536.33,17594.62,3.37,943635,570,Dota 2
2015-10-01,521941.72,13784.86,2.71,917306,570,Dota 2
2015-09-01,508156.85,-98787.12,-16.28,888728,570,Dota 2
2015-08-01,606943.98,51952.97,9.36,933942,570,Dota 2
2015-07-01,554991.01,-13457.32,-2.37,877264,570,Dota 2
2015-06-01,568448.32,-11900.1,-2.05,913997,570,Dota 2
2015-05-01,580348.42,54286.7,10.32,967674,570,Dota 2
2015-04-01,526061.73,-45651.42,-7.99,929677,570,Dota 2
2015-03-01,571713.15,-57257.26,-9.1,1213940,570,Dota 2
2015-02-01,628970.41,70466.07,12.62,1262612,570,Dota 2
2015-01-01,558504.33,34564.01,6.6,961737,570,Dota 2
2014-12-01,523940.32,-4849.48,-0.92,936583,570,Dota 2
2014-11-01,528789.8,33096.77,6.68,963810,570,Dota 2
2014-10-01,495693.04,17694.59,3.7,880655,570,Dota 2
2014-09-01,477998.45,-12885.44,-2.62,864261,570,Dota 2
2014-08-01,490883.89,-46134.77,-8.59,774319,570,Dota 2
2014-07-01,537018.66,23235.6,4.52,874975,570,Dota 2
2014-06-01,513783.06,31395.81,6.51,833145,570,Dota 2
2014-05-01,482387.24,60677.03,14.39,843024,570,Dota 2
2014-04-01,421710.21,11954.66,2.92,734998,570,Dota 2
2014-03-01,409755.56,-11358.65,-2.7,698197,570,Dota 2
2014-02-01,421114.2,27253.88,6.92,738682,570,Dota 2
2014-01-01,393860.32,27253.83,7.43,673496,570,Dota 2
2013-12-01,366606.49,18360.12,5.27,685503,570,Dota 2
2013-11-01,348246.37,18568.73,5.63,702792,570,Dota 2
2013-10-01,329677.64,17252.88,5.52,581615,570,Dota 2
2013-09-01,312424.76,-18295.3,-5.53,566715,570,Dota 2
2013-08-01,330720.07,92919.98,39.07,520532,570,Dota 2
2013-07-01,237800.08,27575.26,13.12,422617,570,Dota 2
2013-06-01,210224.82,15860.98,8.16,326160,570,Dota 2
2013-05-01,194363.84,19528.11,11.17,325815,570,Dota 2
2013-04-01,174835.73,-6043.17,-3.34,299667,570,Dota 2
2013-03-01,180878.9,13905.93,8.33,325598,570,Dota 2
2013-02-01,166972.97,19224.82,13.01,283870,570,Dota 2
2013-01-01,147748.14,25823.72,21.18,260989,570,Dota 2
2012-12-01,121924.42,20846.99,20.62,213521,570,Dota 2
2012-11-01,101077.43,25111.99,33.06,169631,570,Dota 2
2012-10-01,75965.44,14097.77,22.79,171860,570,Dota 2
2012-09-01,61867.68,6099.07,10.94,118724,570,Dota 2
2012-08-01,55768.61,3047.56,5.78,108689,570,Dota 2
2012-07-01,52721.05,,,75041,570,Dota 2
,124645.27,258.1,0.21,301520,1172470,Apex Legends™
2026-04-01,124387.18,12783.79,11.45,301520,1172470,Apex Legends™
2026-03-01,111603.39,22703.52,25.54,287202,1172470,Apex Legends™
2026-02-01,88899.87,2467.15,2.85,203439,1172470,Apex Legends™
2026-01-01,86432.72,7651.81,9.71,206450,1172470,Apex Legends™
2025-12-01,78780.9,-11202.26,-12.45,191112,1172470,Apex Legends™
2025-11-01,89983.17,16329.05,22.17,229804,1172470,Apex Legends™
2025-10-01,73654.11,-10118.47,-12.08,181156,1172470,Apex Legends™
2025-09-01,83772.59,-17899.91,-17.61,199203,1172470,Apex Legends™
2025-08-01,101672.5,11105.38,12.26,248781,1172470,Apex Legends™
2025-07-01,90567.12,-16366.81,-15.31,209736,1172470,Apex Legends™
2025-06-01,106933.93,-27712.69,-20.58,250796,1172470,Apex Legends™
2025-05-01,134646.62,27805.82,26.03,262219,1172470,Apex Legends™
2025-04-01,106840.8,16564.41,18.35,199349,1172470,Apex Legends™
2025-03-01,90276.4,-4823.08,-5.07,185193,1172470,Apex Legends™
2025-02-01,95099.47,25519.26,36.68,225810,1172470,Apex Legends™
2025-01-01,69580.22,-4616.17,-6.22,153693,1172470,Apex Legends™
2024-12-01,74196.38,-17165.69,-18.79,174720,1172470,Apex Legends™
2024-11-01,91362.07,6259.53,7.36,225795,1172470,Apex Legends™
2024-10-01,85102.53,-22124.77,-20.63,184035,1172470,Apex Legends™
2024-09-01,107227.3,-12781.26,-10.65,249334,1172470,Apex Legends™
2024-08-01,120008.56,3261.34,2.79,314327,1172470,Apex Legends™
2024-07-01,116747.21,-22989.21,-16.45,265369,1172470,Apex Legends™
2024-06-01,139736.43,-27688.02,-16.54,326928,1172470,Apex Legends™
2024-05-01,167424.45,656.63,0.39,425742,1172470,Apex Legends™
2024-04-01,166767.82,-22450.72,-11.86,430800,1172470,Apex Legends™
2024-03-01,189218.54,3556.93,1.92,463933,1172470,Apex Legends™
2024-02-01,185661.61,39497.42,27.02,469431,1172470,Apex Legends™
2024-01-01,146164.19,1716.43,1.19,344621,1172470,Apex Legends™
2023-12-01,144447.76,-22847.9,-13.66,348791,1172470,Apex Legends™
2023-11-01,167295.65,-14124.75,-7.79,438349,1172470,Apex Legends™
2023-10-01,181420.4,-5074.01,-2.72,435229,1172470,Apex Legends™
2023-09-01,186494.41,-2397.41,-1.27,452991,1172470,Apex Legends™
2023-08-01,188891.82,22692.73,13.65,451223,1172470,Apex Legends™
2023-07-01,166199.09,-22901.93,-12.11,349762,1172470,Apex Legends™
2023-06-01,189101.02,-38846.42,-17.04,446463,1172470,Apex Legends™
2023-05-01,227947.44,5197.97,2.33,584294,1172470,Apex Legends™
2023-04-01,222749.48,-33042.72,-12.92,562634,1172470,Apex Legends™
2023-03-01,255792.2,-1624.47,-0.63,603290,1172470,Apex Legends™
2023-02-01,257416.67,59447.65,30.03,624473,1172470,Apex Legends™
2023-01-01,197969.02,27086.29,15.85,413670,1172470,Apex Legends™
2022-12-01,170882.73,-1462.76,-0.85,411891,1172470,Apex Legends™
2022-11-01,172345.48,168.81,0.1,403157,1172470,Apex Legends™
2022-10-01,172176.67,-49649.95,-22.38,386994,1172470,Apex Legends™
2022-09-01,221826.62,-8606.24,-3.73,497242,1172470,Apex Legends™
2022-08-01,230432.87,47271.56,25.81,510286,1172470,Apex Legends™
2022-07-01,183161.31,5424.87,3.05,347314,1172470,Apex Legends™
2022-06-01,177736.44,-17815.2,-9.11,352659,1172470,Apex Legends™
2022-05-01,195551.63,2953.12,1.53,411183,1172470,Apex Legends™
2022-04-01,192598.51,9001.83,4.9,370651,1172470,Apex Legends™
2022-03-01,183596.68,-20057.08,-9.85,353623,1172470,Apex Legends™
2022-02-01,203653.75,58070.81,39.89,392998,1172470,Apex Legends™
2022-01-01,145582.94,23474.67,19.22,264287,1172470,Apex Legends™
2021-12-01,122108.27,-14137.62,-10.38,242823,1172470,Apex Legends™
2021-11-01,136245.89,7716.46,6.0,318330,1172470,Apex Legends™
2021-10-01,128529.43,-11118.53,-7.96,248669,1172470,Apex Legends™
2021-09-01,139647.96,-29880.22,-17.63,273617,1172470,Apex Legends™
2021-08-01,169528.17,38377.1,29.26,330476,1172470,Apex Legends™
2021-07-01,131151.07,-5288.83,-3.88,262129,1172470,Apex Legends™
2021-06-01,136439.9,-27798.11,-16.93,266591,1172470,Apex Legends™
2021-05-01,164238.01,39332.88,31.49,330879,1172470,Apex Legends™
2021-04-01,124905.13,-1215.93,-0.96,217728,1172470,Apex Legends™
2021-03-01,126121.06,5138.42,4.25,228439,1172470,Apex Legends™
2021-02-01,120982.64,49215.9,68.58,196799,1172470,Apex Legends™
2021-01-01,71766.74,7296.99,11.32,129928,1172470,Apex Legends™
2020-12-01,64469.75,-10487.5,-13.99,112076,1172470,Apex Legends™
2020-11-01,74957.26,,,117193,1172470,Apex Legends™
,162414.64,-10590.6,-6.12,356210,2868840,Slay the Spire 2
2026-04-01,173005.23,-106406.76,-38.08,358577,2868840,Slay the Spire 2
2026-03-01,279411.99,,,574638,2868840,Slay the Spire 2
,82927.26,3946.0,5.0,171344,2507950,Delta Force
2026-04-01,78981.3,2391.22,3.12,171344,2507950,Delta Force
2026-03-01,76590.08,-3728.88,-4.64,168712,2507950,Delta Force
2026-02-01,80318.97,14265.58,21.6,160521,2507950,Delta Force
2026-01-01,66053.38,-3842.67,-5.5,162739,2507950,Delta Force
2025-12-01,69896.05,-20765.66,-22.9,163797,2507950,Delta Force
2025-11-01,90661.72,-9854.49,-9.8,193962,2507950,Delta Force
2025-10-01,100516.2,-7115.6,-6.61,233784,2507950,Delta Force
2025-09-01,107631.8,4488.03,4.35,246418,2507950,Delta Force
2025-08-01,103143.78,3923.64,3.95,210413,2507950,Delta Force
2025-07-01,99220.14,20280.28,25.69,198619,2507950,Delta Force
2025-06-01,78939.86,4691.13,6.32,161668,2507950,Delta Force
2025-05-01,74248.72,19384.0,35.33,154488,2507950,Delta Force
2025-04-01,54864.73,1226.53,2.29,131129,2507950,Delta Force
2025-03-01,53638.2,-12015.87,-18.3,107585,2507950,Delta Force
2025-02-01,65654.06,-7457.05,-10.2,130186,2507950,Delta Force
2025-01-01,73111.11,97.9,0.13,131036,2507950,Delta Force
2024-12-01,73013.21,,,118626,2507950,Delta Force
,121921.87,-912.5,-0.74,174048,3419430,Bongo Cat
2026-04-01,122834.35,-7085.42,-5.45,174048,3419430,Bongo Cat
2026-03-01,129919.77,-2107.73,-1.6,173349,3419430,Bongo Cat
2026-02-01,132027.5,2432.76,1.88,171695,3419430,Bongo Cat
2026-01-01,129594.74,18453.15,16.6,176292,3419430,Bongo Cat
2025-12-01,111141.59,24484.79,28.25,178015,3419430,Bongo Cat
2025-11-01,86656.8,-1376.11,-1.56,120791,3419430,Bongo Cat
2025-10-01,88032.91,-9071.38,-9.34,125794,3419430,Bongo Cat
2025-09-01,97104.29,18200.65,23.07,136696,3419430,Bongo Cat
2025-08-01,78903.64,-37310.34,-32.1,129335,3419430,Bongo Cat
2025-07-01,116213.97,-35137.29,-23.22,170427,3419430,Bongo Cat
2025-06-01,151351.26,11540.03,8.25,192501,3419430,Bongo Cat
2025-05-01,139811.24,33202.04,31.14,193859,3419430,Bongo Cat
2025-04-01,106609.2,75029.87,237.59,179871,3419430,Bongo Cat
2025-03-01,31579.33,,,50099,3419430,Bongo Cat
,131201.96,228.4,0.17,221062,2676230,FiveM
2026-04-01,130973.53,10796.74,8.98,219135,2676230,FiveM
2026-03-01,120176.79,20470.96,20.53,212020,2676230,FiveM
2026-02-01,99705.83,53735.51,116.89,190134,2676230,FiveM
2026-01-01,45970.32,,,126930,2676230,FiveM
,77249.96,1053.9,1.38,133017,431960,Wallpaper Engine
2026-04-01,76196.04,-2726.7,-3.45,133017,431960,Wallpaper Engine
2026-03-01,78922.74,-3544.03,-4.3,135593,431960,Wallpaper Engine
2026-02-01,82466.77,-5508.95,-6.26,134409,431960,Wallpaper Engine
2026-01-01,87975.72,4597.58,5.51,144617,431960,Wallpaper Engine
2025-12-01,83378.14,-1716.43,-2.02,145252,431960,Wallpaper Engine
2025-11-01,85094.56,1404.8,1.68,148230,431960,Wallpaper Engine
2025-10-01,83689.76,5218.12,6.65,144530,431960,Wallpaper Engine
2025-09-01,78471.64,-9290.31,-10.59,141058,431960,Wallpaper Engine
2025-08-01,87761.95,2604.46,3.06,136322,431960,Wallpaper Engine
2025-07-01,85157.49,2584.7,3.13,130498,431960,Wallpaper Engine
2025-06-01,82572.79,6190.97,8.11,138702,431960,Wallpaper Engine
2025-05-01,76381.82,-532.38,-0.69,133127,431960,Wallpaper Engine
2025-04-01,76914.2,-2435.81,-3.07,138046,431960,Wallpaper Engine
2025-03-01,79350.01,-4200.37,-5.03,138929,431960,Wallpaper Engine
2025-02-01,83550.38,-1551.26,-1.82,139559,431960,Wallpaper Engine
2025-01-01,85101.64,6241.64,7.91,143689,431960,Wallpaper Engine
2024-12-01,78859.99,-90.52,-0.11,136667,431960,Wallpaper Engine
2024-11-01,78950.51,1681.28,2.18,142248,431960,Wallpaper Engine
2024-10-01,77269.23,2202.6,2.93,140232,431960,Wallpaper Engine
2024-09-01,75066.63,-4544.02,-5.71,132539,431960,Wallpaper Engine
2024-08-01,79610.65,350.67,0.44,122730,431960,Wallpaper Engine
2024-07-01,79259.98,4162.06,5.54,123238,431960,Wallpaper Engine
2024-06-01,75097.92,8382.18,12.56,128399,431960,Wallpaper Engine
2024-05-01,66715.73,-1385.43,-2.03,118888,431960,Wallpaper Engine
2024-04-01,68101.16,-2577.08,-3.65,123964,431960,Wallpaper Engine
2024-03-01,70678.24,-4458.83,-5.93,130658,431960,Wallpaper Engine
2024-02-01,75137.07,-3780.65,-4.79,124042,431960,Wallpaper Engine
2024-01-01,78917.72,6104.29,8.38,131365,431960,Wallpaper Engine
2023-12-01,72813.43,2771.95,3.96,132225,431960,Wallpaper Engine
2023-11-01,70041.48,-1773.89,-2.47,132609,431960,Wallpaper Engine
2023-10-01,71815.37,1908.65,2.73,128667,431960,Wallpaper Engine
2023-09-01,69906.72,-6477.83,-8.48,133544,431960,Wallpaper Engine
2023-08-01,76384.55,1650.24,2.21,150271,431960,Wallpaper Engine
2023-07-01,74734.31,5712.97,8.28,121466,431960,Wallpaper Engine
2023-06-01,69021.35,7004.68,11.29,113887,431960,Wallpaper Engine
2023-05-01,62016.67,-2885.77,-4.45,113613,431960,Wallpaper Engine
2023-04-01,64902.44,-754.97,-1.15,119791,431960,Wallpaper Engine
2023-03-01,65657.41,-8075.22,-10.95,121485,431960,Wallpaper Engine
2023-02-01,73732.62,-5976.26,-7.5,125911,431960,Wallpaper Engine
2023-01-01,79708.88,-2702.17,-3.28,134459,431960,Wallpaper Engine
2022-12-01,82411.05,10882.04,15.21,144578,431960,Wallpaper Engine
2022-11-01,71529.01,4152.22,6.16,130959,431960,Wallpaper Engine
2022-10-01,67376.79,6116.92,9.99,116398,431960,Wallpaper Engine
2022-09-01,61259.87,1815.84,3.05,105565,431960,Wallpaper Engine
2022-08-01,59444.03,-2479.88,-4.0,95507,431960,Wallpaper Engine
2022-07-01,61923.91,-1290.58,-2.04,92811,431960,Wallpaper Engine
2022-06-01,63214.49,7376.57,13.21,105360,431960,Wallpaper Engine
2022-05-01,55837.92,-1458.47,-2.55,85111,431960,Wallpaper Engine
2022-04-01,57296.39,1761.25,3.17,92550,431960,Wallpaper Engine
2022-03-01,55535.13,-816.69,-1.45,90559,431960,Wallpaper Engine
2022-02-01,56351.82,938.31,1.69,88349,431960,Wallpaper Engine
2022-01-01,55413.51,3052.77,5.83,82336,431960,Wallpaper Engine
2021-12-01,52360.73,5636.49,12.06,91899,431960,Wallpaper Engine
2021-11-01,46724.25,2869.43,6.54,105188,431960,Wallpaper Engine
2021-10-01,43854.82,1126.86,2.64,69512,431960,Wallpaper Engine
2021-09-01,42727.96,-597.31,-1.38,67845,431960,Wallpaper Engine
2021-08-01,43325.27,2440.74,5.97,60440,431960,Wallpaper Engine
2021-07-01,40884.53,930.63,2.33,59235,431960,Wallpaper Engine
2021-06-01,39953.9,3561.46,9.79,62532,431960,Wallpaper Engine
2021-05-01,36392.44,265.31,0.73,52689,431960,Wallpaper Engine
2021-04-01,36127.13,-2386.25,-6.2,54493,431960,Wallpaper Engine
2021-03-01,38513.38,-2928.06,-7.07,58083,431960,Wallpaper Engine
2021-02-01,41441.43,-3206.42,-7.18,60437,431960,Wallpaper Engine
2021-01-01,44647.85,4077.52,10.05,65041,431960,Wallpaper Engine
2020-12-01,40570.33,4512.71,12.52,61970,431960,Wallpaper Engine
2020-11-01,36057.62,3564.18,10.97,66361,431960,Wallpaper Engine
2020-10-01,32493.44,-1451.05,-4.27,50092,431960,Wallpaper Engine
2020-09-01,33944.49,-1484.94,-4.19,54924,431960,Wallpaper Engine
2020-08-01,35429.43,1932.02,5.77,55155,431960,Wallpaper Engine
2020-07-01,33497.4,3324.22,11.02,50684,431960,Wallpaper Engine
2020-06-01,30173.18,478.78,1.61,43641,431960,Wallpaper Engine
2020-05-01,29694.4,2417.06,8.86,47845,431960,Wallpaper Engine
2020-04-01,27277.34,2320.09,9.3,43257,431960,Wallpaper Engine
2020-03-01,24957.25,4514.03,22.08,37293,431960,Wallpaper Engine
2020-02-01,20443.22,3442.67,20.25,30645,431960,Wallpaper Engine
2020-01-01,17000.55,1705.76,11.15,25694,431960,Wallpaper Engine
2019-12-01,15294.79,1662.29,12.19,24959,431960,Wallpaper Engine
2019-11-01,13632.5,792.74,6.17,21292,431960,Wallpaper Engine
2019-10-01,12839.75,58.62,0.46,22241,431960,Wallpaper Engine
2019-09-01,12781.13,498.81,4.06,20262,431960,Wallpaper Engine
2019-08-01,12282.33,800.88,6.98,17325,431960,Wallpaper Engine
2019-07-01,11481.45,607.08,5.58,15683,431960,Wallpaper Engine
2019-06-01,10874.37,342.51,3.25,17022,431960,Wallpaper Engine
2019-05-01,10531.86,304.76,2.98,15353,431960,Wallpaper Engine
2019-04-01,10227.09,783.63,8.3,15770,431960,Wallpaper Engine
2019-03-01,9443.47,-70.05,-0.74,14369,431960,Wallpaper Engine
2019-02-01,9513.52,-517.09,-5.16,13241,431960,Wallpaper Engine
2019-01-01,10030.61,674.06,7.2,13634,431960,Wallpaper Engine
2018-12-01,9356.55,408.02,4.56,13288,431960,Wallpaper Engine
2018-11-01,8948.53,1229.68,15.93,13155,431960,Wallpaper Engine
2018-10-01,7718.85,-43.87,-0.57,11420,431960,Wallpaper Engine
2018-09-01,7762.73,-44.08,-0.56,11882,431960,Wallpaper Engine
2018-08-01,7806.81,-228.26,-2.84,11536,431960,Wallpaper Engine
2018-07-01,8035.07,337.25,4.38,11980,431960,Wallpaper Engine
2018-06-01,7697.82,77.01,1.01,12434,431960,Wallpaper Engine
2018-05-01,7620.81,-100.78,-1.31,12961,431960,Wallpaper Engine
2018-04-01,7721.59,368.09,5.01,12474,431960,Wallpaper Engine
2018-03-01,7353.5,569.78,8.4,13702,431960,Wallpaper Engine
2018-02-01,6783.73,-392.8,-5.47,9481,431960,Wallpaper Engine
2018-01-01,7176.52,324.97,4.74,11641,431960,Wallpaper Engine
2017-12-01,6851.55,748.27,12.26,11397,431960,Wallpaper Engine
2017-11-01,6103.28,182.75,3.09,10661,431960,Wallpaper Engine
2017-10-01,5920.53,-60.58,-1.01,9332,431960,Wallpaper Engine
2017-09-01,5981.11,484.88,8.82,10332,431960,Wallpaper Engine
2017-08-01,5496.23,-569.69,-9.39,8443,431960,Wallpaper Engine
2017-07-01,6065.92,-773.21,-11.31,10634,431960,Wallpaper Engine
2017-06-01,6839.14,127.93,1.91,12452,431960,Wallpaper Engine
2017-05-01,6711.2,-232.37,-3.35,11672,431960,Wallpaper Engine
2017-04-01,6943.57,-1990.99,-22.28,11941,431960,Wallpaper Engine
2017-03-01,8934.56,750.01,9.16,16935,431960,Wallpaper Engine
2017-02-01,8184.55,789.38,10.67,20378,431960,Wallpaper Engine
2017-01-01,7395.17,5876.43,386.93,15919,431960,Wallpaper Engine
2016-12-01,1518.74,1474.41,3325.94,15732,431960,Wallpaper Engine
2016-11-01,44.33,0.09,0.2,92,431960,Wallpaper Engine
2016-10-01,44.24,44.11,32889.34,194,431960,Wallpaper Engine
2016-09-01,0.13,,,2,431960,Wallpaper Engine
,101000.2,-2351.6,-2.28,172212,252490,Rust
2026-04-01,103351.8,-3218.14,-3.02,203177,252490,Rust
2026-03-01,106569.94,-15806.97,-12.92,200309,252490,Rust
2026-02-01,122376.91,1374.12,1.14,228230,252490,Rust
2026-01-01,121002.79,15518.39,14.71,246562,252490,Rust
2025-12-01,105484.4,7271.67,7.4,174558,252490,Rust
2025-11-01,98212.73,801.8,0.82,184595,252490,Rust
2025-10-01,97410.93,11895.93,13.91,178836,252490,Rust
2025-09-01,85515.0,-17502.84,-16.99,152247,252490,Rust
2025-08-01,103017.83,858.89,0.84,190383,252490,Rust
2025-07-01,102158.94,3695.96,3.75,187345,252490,Rust
2025-06-01,98462.98,-7060.47,-6.69,191730,252490,Rust
2025-05-01,105523.45,7718.89,7.89,203367,252490,Rust
2025-04-01,97804.56,-13779.2,-12.35,187702,252490,Rust
2025-03-01,111583.76,-9985.32,-8.21,203220,252490,Rust
2025-02-01,121569.09,-2927.04,-2.35,232431,252490,Rust
2025-01-01,124496.12,11890.65,10.56,259646,252490,Rust
2024-12-01,112605.48,16740.42,17.46,191133,252490,Rust
2024-11-01,95865.05,6088.46,6.78,182603,252490,Rust
2024-10-01,89776.59,13530.91,17.75,168999,252490,Rust
2024-09-01,76245.68,-14387.33,-15.87,134170,252490,Rust
2024-08-01,90633.01,-2546.99,-2.73,172427,252490,Rust
2024-07-01,93180.0,-4680.84,-4.78,173651,252490,Rust
2024-06-01,97860.84,15487.08,18.8,175036,252490,Rust
2024-05-01,82373.76,1488.38,1.84,153662,252490,Rust
2024-04-01,80885.38,-1357.38,-1.65,154488,252490,Rust
2024-03-01,82242.76,126.47,0.15,145916,252490,Rust
2024-02-01,82116.29,-7948.99,-8.83,153738,252490,Rust
2024-01-01,90065.28,6048.6,7.2,190886,252490,Rust
2023-12-01,84016.68,15003.98,21.74,143038,252490,Rust
2023-11-01,69012.7,-343.07,-0.49,137752,252490,Rust
2023-10-01,69355.77,63.32,0.09,130885,252490,Rust
2023-09-01,69292.44,-14171.29,-16.98,127530,252490,Rust
2023-08-01,83463.73,-12181.77,-12.74,172249,252490,Rust
2023-07-01,95645.5,3720.85,4.05,182335,252490,Rust
2023-06-01,91924.65,4175.54,4.76,161921,252490,Rust
2023-05-01,87749.11,5212.03,6.31,155431,252490,Rust
2023-04-01,82537.08,-1858.85,-2.2,156367,252490,Rust
2023-03-01,84395.94,-5609.34,-6.23,150953,252490,Rust
2023-02-01,90005.28,-5268.14,-5.53,167827,252490,Rust
2023-01-01,95273.42,9456.98,11.02,176710,252490,Rust
2022-12-01,85816.44,12979.6,17.82,138675,252490,Rust
2022-11-01,72836.84,854.39,1.19,133364,252490,Rust
2022-10-01,71982.45,-4189.69,-5.5,118874,252490,Rust
2022-09-01,76172.14,-6891.84,-8.3,127912,252490,Rust
2022-08-01,83063.98,4222.79,5.36,134919,252490,Rust
2022-07-01,78841.19,-3145.65,-3.84,137057,252490,Rust
2022-06-01,81986.84,9056.45,12.42,165120,252490,Rust
2022-05-01,72930.39,-7785.44,-9.65,133789,252490,Rust
2022-04-01,80715.83,3368.17,4.35,141983,252490,Rust
2022-03-01,77347.66,-9218.91,-10.65,134559,252490,Rust
2022-02-01,86566.57,-4364.89,-4.8,164990,252490,Rust
2022-01-01,90931.46,15327.35,20.27,154747,252490,Rust
2021-12-01,75604.11,5954.05,8.55,125911,252490,Rust
2021-11-01,69650.06,4093.06,6.24,120659,252490,Rust
2021-10-01,65556.99,-3946.0,-5.68,106571,252490,Rust
2021-09-01,69502.99,-13829.21,-16.6,122359,252490,Rust
2021-08-01,83332.2,-9491.59,-10.23,155634,252490,Rust
2021-07-01,92823.79,13482.28,16.99,147757,252490,Rust
2021-06-01,79341.51,2470.9,3.21,133566,252490,Rust
2021-05-01,76870.61,-719.63,-0.93,144083,252490,Rust
2021-04-01,77590.25,-8779.57,-10.17,147933,252490,Rust
2021-03-01,86369.82,-31372.45,-26.65,167088,252490,Rust
2021-02-01,117742.27,-24374.98,-17.15,224276,252490,Rust
2021-01-01,142117.25,80945.6,132.33,244394,252490,Rust
2020-12-01,61171.65,5763.61,10.4,97445,252490,Rust
2020-11-01,55408.03,6857.23,14.12,101365,252490,Rust
2020-10-01,48550.8,2120.27,4.57,80422,252490,Rust
2020-09-01,46430.53,-6857.11,-12.87,76611,252490,Rust
2020-08-01,53287.65,-4951.07,-8.5,89147,252490,Rust
2020-07-01,58238.72,7821.0,15.51,97741,252490,Rust
2020-06-01,50417.72,-6926.93,-12.08,93513,252490,Rust
2020-05-01,57344.65,-10159.4,-15.05,102051,252490,Rust
2020-04-01,67504.05,9062.03,15.51,125415,252490,Rust
2020-03-01,58442.03,8366.82,16.71,102296,252490,Rust
2020-02-01,50075.2,-1545.19,-2.99,92016,252490,Rust
2020-01-01,51620.39,2525.55,5.14,97340,252490,Rust
2019-12-01,49094.84,5586.88,12.84,81928,252490,Rust
2019-11-01,43507.96,-3196.42,-6.84,74292,252490,Rust
2019-10-01,46704.38,-2931.73,-5.91,82827,252490,Rust
2019-09-01,49636.12,-8895.12,-15.2,80293,252490,Rust
2019-08-01,58531.24,-3728.72,-5.99,88929,252490,Rust
2019-07-01,62259.96,17127.39,37.95,93595,252490,Rust
2019-06-01,45132.57,9351.9,26.14,81658,252490,Rust
2019-05-01,35780.66,-2420.12,-6.34,67338,252490,Rust
2019-04-01,38200.78,-2524.51,-6.2,72544,252490,Rust
2019-03-01,40725.29,-1706.13,-4.02,77896,252490,Rust
2019-02-01,42431.42,-3769.88,-8.16,77622,252490,Rust
2019-01-01,46201.3,3579.02,8.4,85208,252490,Rust
2018-12-01,42622.28,4915.93,13.04,70775,252490,Rust
2018-11-01,37706.36,5886.14,18.5,70969,252490,Rust
2018-10-01,31820.22,4501.02,16.48,58564,252490,Rust
2018-09-01,27319.2,-4169.08,-13.24,48430,252490,Rust
2018-08-01,31488.28,-5170.92,-14.11,53885,252490,Rust
2018-07-01,36659.19,6350.3,20.95,65952,252490,Rust
2018-06-01,30308.9,6415.11,26.85,54779,252490,Rust
2018-05-01,23893.78,-2153.26,-8.27,46328,252490,Rust
2018-04-01,26047.04,-3027.77,-10.41,51233,252490,Rust
2018-03-01,29074.81,-4432.46,-13.23,57873,252490,Rust
2018-02-01,33507.28,-1161.53,-3.35,68204,252490,Rust
2018-01-01,34668.81,1694.81,5.14,67410,252490,Rust
2017-12-01,32974.0,4826.77,17.15,60373,252490,Rust
2017-11-01,28147.23,2386.73,9.27,57223,252490,Rust
2017-10-01,25760.5,4165.09,19.29,49984,252490,Rust
2017-09-01,21595.41,-3962.61,-15.5,40577,252490,Rust
2017-08-01,25558.02,-4005.08,-13.55,43117,252490,Rust
2017-07-01,29563.1,277.67,0.95,53425,252490,Rust
2017-06-01,29285.43,3905.15,15.39,48228,252490,Rust
2017-05-01,25380.27,-3208.53,-11.22,46948,252490,Rust
2017-04-01,28588.81,-3850.18,-11.87,53621,252490,Rust
2017-03-01,32438.98,-3964.56,-10.89,66194,252490,Rust
2017-02-01,36403.55,2403.64,7.07,68103,252490,Rust
2017-01-01,33999.91,5024.99,17.34,63843,252490,Rust
2016-12-01,28974.92,6095.72,26.64,49147,252490,Rust
2016-11-01,22879.2,-1526.98,-6.26,47571,252490,Rust
2016-10-01,24406.17,-1863.62,-7.09,48435,252490,Rust
2016-09-01,26269.79,-4162.74,-13.68,50680,252490,Rust
2016-08-01,30432.53,-517.22,-1.67,50364,252490,Rust
2016-07-01,30949.75,5588.78,22.04,64555,252490,Rust
2016-06-01,25360.97,-136.91,-0.54,45791,252490,Rust
2016-05-01,25497.88,-108.06,-0.42,47100,252490,Rust
2016-04-01,25605.94,-1661.66,-6.09,49920,252490,Rust
2016-03-01,27267.6,-5126.97,-15.83,55147,252490,Rust
2016-02-01,32394.57,4747.51,17.17,61260,252490,Rust
2016-01-01,27647.06,9173.0,49.65,50628,252490,Rust
2015-12-01,18474.06,5412.43,41.44,38110,252490,Rust
2015-11-01,13061.63,-44.48,-0.34,26697,252490,Rust
2015-10-01,13106.11,695.25,5.6,24201,252490,Rust
2015-09-01,12410.86,-2459.21,-16.54,24075,252490,Rust
2015-08-01,14870.06,1052.36,7.62,25352,252490,Rust
2015-07-01,13817.71,82.06,0.6,22622,252490,Rust
2015-06-01,13735.65,-84.17,-0.61,27177,252490,Rust
2015-05-01,13819.82,5683.08,69.84,25625,252490,Rust
2015-04-01,8136.74,-133.76,-1.62,16636,252490,Rust
2015-03-01,8270.49,-1102.2,-11.76,16341,252490,Rust
2015-02-01,9372.69,-1218.37,-11.5,20267,252490,Rust
2015-01-01,10591.06,4439.66,72.17,22303,252490,Rust
2014-12-01,6151.4,767.28,14.25,11826,252490,Rust
2014-11-01,5384.12,-988.43,-15.51,12062,252490,Rust
2014-10-01,6372.55,25.86,0.41,12294,252490,Rust
2014-09-01,6346.7,-2393.85,-27.39,11040,252490,Rust
2014-08-01,8740.55,-1391.93,-13.74,12764,252490,Rust
2014-07-01,10132.47,-1805.76,-15.13,15027,252490,Rust
2014-06-01,11938.23,-1212.72,-9.22,18081,252490,Rust
2014-05-01,13150.96,-4508.02,-25.53,24306,252490,Rust
2014-04-01,17658.98,-7215.16,-29.01,31321,252490,Rust
2014-03-01,24874.13,-9879.31,-28.43,48870,252490,Rust
2014-02-01,34753.45,9878.63,39.71,58973,252490,Rust
2014-01-01,24874.82,15669.05,170.21,51872,252490,Rust
2013-12-01,9205.77,,,22571,252490,Rust
,62636.02,838.4,1.36,112445,271590,Grand Theft Auto V Legacy
2026-04-01,61797.66,-7972.51,-11.43,108812,271590,Grand Theft Auto V Legacy
2026-03-01,69770.16,-8139.23,-10.45,127424,271590,Grand Theft Auto V Legacy
2026-02-01,77909.39,-2964.48,-3.67,127027,271590,Grand Theft Auto V Legacy
2026-01-01,80873.87,-958.32,-1.17,129542,271590,Grand Theft Auto V Legacy
2025-12-01,81832.19,19979.95,32.3,136591,271590,Grand Theft Auto V Legacy
2025-11-01,61852.24,4569.75,7.98,105128,271590,Grand Theft Auto V Legacy
2025-10-01,57282.49,1677.28,3.02,108952,271590,Grand Theft Auto V Legacy
2025-09-01,55605.21,-12640.34,-18.52,98431,271590,Grand Theft Auto V Legacy
2025-08-01,68245.55,-1176.48,-1.69,109253,271590,Grand Theft Auto V Legacy
2025-07-01,69422.04,-2838.96,-3.93,102267,271590,Grand Theft Auto V Legacy
2025-06-01,72261.0,5923.42,8.93,112862,271590,Grand Theft Auto V Legacy
2025-05-01,66337.58,9063.8,15.83,115706,271590,Grand Theft Auto V Legacy
2025-04-01,57273.78,-20736.88,-26.58,99414,271590,Grand Theft Auto V Legacy
2025-03-01,78010.66,-39770.71,-33.77,184063,271590,Grand Theft Auto V Legacy
2025-02-01,117781.37,-11338.87,-8.78,208168,271590,Grand Theft Auto V Legacy
2025-01-01,129120.24,5859.16,4.75,211328,271590,Grand Theft Auto V Legacy
2024-12-01,123261.08,22879.9,22.79,217485,271590,Grand Theft Auto V Legacy
2024-11-01,100381.18,8820.28,9.63,189870,271590,Grand Theft Auto V Legacy
2024-10-01,91560.9,-5543.4,-5.71,162388,271590,Grand Theft Auto V Legacy
2024-09-01,97104.3,-19076.96,-16.42,185555,271590,Grand Theft Auto V Legacy
2024-08-01,116181.25,577.71,0.5,184785,271590,Grand Theft Auto V Legacy
2024-07-01,115603.54,12799.07,12.45,185504,271590,Grand Theft Auto V Legacy
2024-06-01,102804.47,10056.63,10.84,171685,271590,Grand Theft Auto V Legacy
2024-05-01,92747.84,-2661.23,-2.79,152030,271590,Grand Theft Auto V Legacy
2024-04-01,95409.06,-9154.61,-8.76,169535,271590,Grand Theft Auto V Legacy
2024-03-01,104563.67,-3634.4,-3.36,193834,271590,Grand Theft Auto V Legacy
2024-02-01,108198.07,-15608.12,-12.61,185992,271590,Grand Theft Auto V Legacy
2024-01-01,123806.19,-21264.23,-14.66,218773,271590,Grand Theft Auto V Legacy
2023-12-01,145070.42,57062.28,64.84,295651,271590,Grand Theft Auto V Legacy
2023-11-01,88008.14,1270.32,1.46,167317,271590,Grand Theft Auto V Legacy
2023-10-01,86737.81,-4390.29,-4.82,166618,271590,Grand Theft Auto V Legacy
2023-09-01,91128.11,-12678.21,-12.21,166502,271590,Grand Theft Auto V Legacy
2023-08-01,103806.32,-13191.36,-11.27,170280,271590,Grand Theft Auto V Legacy
2023-07-01,116997.68,2404.22,2.1,180937,271590,Grand Theft Auto V Legacy
2023-06-01,114593.46,25293.43,28.32,207718,271590,Grand Theft Auto V Legacy
2023-05-01,89300.03,-1436.74,-1.58,152862,271590,Grand Theft Auto V Legacy
2023-04-01,90736.77,526.11,0.58,157231,271590,Grand Theft Auto V Legacy
2023-03-01,90210.66,-6676.53,-6.89,167901,271590,Grand Theft Auto V Legacy
2023-02-01,96887.19,-13447.19,-12.19,174026,271590,Grand Theft Auto V Legacy
2023-01-01,110334.38,4040.22,3.8,176528,271590,Grand Theft Auto V Legacy
2022-12-01,106294.15,17246.75,19.37,180121,271590,Grand Theft Auto V Legacy
2022-11-01,89047.41,-2742.78,-2.99,164601,271590,Grand Theft Auto V Legacy
2022-10-01,91790.19,-4643.68,-4.82,168100,271590,Grand Theft Auto V Legacy
2022-09-01,96433.87,-21654.82,-18.34,175811,271590,Grand Theft Auto V Legacy
2022-08-01,118088.69,19465.23,19.74,195472,271590,Grand Theft Auto V Legacy
2022-07-01,98623.46,14107.4,16.69,197328,271590,Grand Theft Auto V Legacy
2022-06-01,84516.06,4770.72,5.98,133299,271590,Grand Theft Auto V Legacy
2022-05-01,79745.34,-3485.88,-4.19,138240,271590,Grand Theft Auto V Legacy
2022-04-01,83231.22,235.18,0.28,153693,271590,Grand Theft Auto V Legacy
2022-03-01,82996.04,-9519.56,-10.29,147473,271590,Grand Theft Auto V Legacy
2022-02-01,92515.6,-3937.22,-4.08,155111,271590,Grand Theft Auto V Legacy
2022-01-01,96452.81,5201.61,5.7,158823,271590,Grand Theft Auto V Legacy
2021-12-01,91251.21,18034.14,24.63,173538,271590,Grand Theft Auto V Legacy
2021-11-01,73217.07,189.72,0.26,136818,271590,Grand Theft Auto V Legacy
2021-10-01,73027.34,-8204.86,-10.1,136046,271590,Grand Theft Auto V Legacy
2021-09-01,81232.2,-37668.37,-31.68,151408,271590,Grand Theft Auto V Legacy
2021-08-01,118900.57,5905.15,5.23,214591,271590,Grand Theft Auto V Legacy
2021-07-01,112995.42,24080.02,27.08,218784,271590,Grand Theft Auto V Legacy
2021-06-01,88915.4,4158.64,4.91,155599,271590,Grand Theft Auto V Legacy
2021-05-01,84756.76,-7891.05,-8.52,146011,271590,Grand Theft Auto V Legacy
2021-04-01,92647.8,2854.96,3.18,178142,271590,Grand Theft Auto V Legacy
2021-03-01,89792.84,-854.8,-0.94,183227,271590,Grand Theft Auto V Legacy
2021-02-01,90647.64,-10602.95,-10.47,146438,271590,Grand Theft Auto V Legacy
2021-01-01,101250.59,-5663.68,-5.3,184941,271590,Grand Theft Auto V Legacy
2020-12-01,106914.27,30195.93,39.36,258539,271590,Grand Theft Auto V Legacy
2020-11-01,76718.34,9525.31,14.18,157355,271590,Grand Theft Auto V Legacy
2020-10-01,67193.03,-854.0,-1.26,128578,271590,Grand Theft Auto V Legacy
2020-09-01,68047.03,-20351.33,-23.02,126174,271590,Grand Theft Auto V Legacy
2020-08-01,88398.36,4743.64,5.67,154677,271590,Grand Theft Auto V Legacy
2020-07-01,83654.72,-16098.13,-16.14,134093,271590,Grand Theft Auto V Legacy
2020-06-01,99752.85,-41617.03,-29.44,180302,271590,Grand Theft Auto V Legacy
2020-05-01,141369.88,15283.15,12.12,260562,271590,Grand Theft Auto V Legacy
2020-04-01,126086.73,9700.36,8.33,243284,271590,Grand Theft Auto V Legacy
2020-03-01,116386.37,-26338.11,-18.45,209493,271590,Grand Theft Auto V Legacy
2020-02-01,142724.48,31424.28,28.23,267360,271590,Grand Theft Auto V Legacy
2020-01-01,111300.2,13522.51,13.83,214796,271590,Grand Theft Auto V Legacy
2019-12-01,97777.69,28934.76,42.03,204137,271590,Grand Theft Auto V Legacy
2019-11-01,68842.93,10186.85,17.37,138540,271590,Grand Theft Auto V Legacy
2019-10-01,58656.08,-7475.54,-11.3,117002,271590,Grand Theft Auto V Legacy
2019-09-01,66131.62,-31516.38,-32.28,135072,271590,Grand Theft Auto V Legacy
2019-08-01,97648.0,5030.39,5.43,176207,271590,Grand Theft Auto V Legacy
2019-07-01,92617.62,35899.89,63.3,197555,271590,Grand Theft Auto V Legacy
2019-06-01,56717.73,1307.21,2.36,109164,271590,Grand Theft Auto V Legacy
2019-05-01,55410.52,6908.24,14.24,108557,271590,Grand Theft Auto V Legacy
2019-04-01,48502.28,-11727.38,-19.47,91586,271590,Grand Theft Auto V Legacy
2019-03-01,60229.66,2105.44,3.62,126518,271590,Grand Theft Auto V Legacy
2019-02-01,58124.22,-1726.98,-2.89,119439,271590,Grand Theft Auto V Legacy
2019-01-01,59851.2,4209.87,7.57,118210,271590,Grand Theft Auto V Legacy
2018-12-01,55641.33,12631.96,29.37,120693,271590,Grand Theft Auto V Legacy
2018-11-01,43009.38,-256.59,-0.59,81360,271590,Grand Theft Auto V Legacy
2018-10-01,43265.97,-5881.7,-11.97,81337,271590,Grand Theft Auto V Legacy
2018-09-01,49147.67,-19164.49,-28.05,97920,271590,Grand Theft Auto V Legacy
2018-08-01,68312.15,-12083.19,-15.03,123556,271590,Grand Theft Auto V Legacy
2018-07-01,80395.34,31467.85,64.32,162021,271590,Grand Theft Auto V Legacy
2018-06-01,48927.49,7648.77,18.53,118332,271590,Grand Theft Auto V Legacy
2018-05-01,41278.73,-1500.8,-3.51,82956,271590,Grand Theft Auto V Legacy
2018-04-01,42779.52,-3248.66,-7.06,89792,271590,Grand Theft Auto V Legacy
2018-03-01,46028.18,-7367.5,-13.8,94489,271590,Grand Theft Auto V Legacy
2018-02-01,53395.68,-24171.16,-31.16,94308,271590,Grand Theft Auto V Legacy
2018-01-01,77566.84,-500.1,-0.64,167754,271590,Grand Theft Auto V Legacy
2017-12-01,78066.93,36151.78,86.25,170316,271590,Grand Theft Auto V Legacy
2017-11-01,41915.16,2140.69,5.38,85105,271590,Grand Theft Auto V Legacy
2017-10-01,39774.46,-6068.46,-13.24,84553,271590,Grand Theft Auto V Legacy
2017-09-01,45842.92,-8185.73,-15.15,101433,271590,Grand Theft Auto V Legacy
2017-08-01,54028.65,-6811.41,-11.2,121830,271590,Grand Theft Auto V Legacy
2017-07-01,60840.07,554.67,0.92,112074,271590,Grand Theft Auto V Legacy
2017-06-01,60285.4,17405.76,40.59,131936,271590,Grand Theft Auto V Legacy
2017-05-01,42879.64,-6228.7,-12.68,83483,271590,Grand Theft Auto V Legacy
2017-04-01,49108.33,491.44,1.01,96503,271590,Grand Theft Auto V Legacy
2017-03-01,48616.89,-4654.1,-8.74,98798,271590,Grand Theft Auto V Legacy
2017-02-01,53270.99,-9907.68,-15.68,104902,271590,Grand Theft Auto V Legacy
2017-01-01,63178.67,1334.95,2.16,116125,271590,Grand Theft Auto V Legacy
2016-12-01,61843.72,18852.42,43.85,126681,271590,Grand Theft Auto V Legacy
2016-11-01,42991.3,906.81,2.15,86759,271590,Grand Theft Auto V Legacy
2016-10-01,42084.49,10440.55,32.99,86192,271590,Grand Theft Auto V Legacy
2016-09-01,31643.93,-7147.94,-18.43,61921,271590,Grand Theft Auto V Legacy
2016-08-01,38791.87,-6374.25,-14.11,63873,271590,Grand Theft Auto V Legacy
2016-07-01,45166.12,5013.29,12.49,71778,271590,Grand Theft Auto V Legacy
2016-06-01,40152.83,14922.64,59.15,78330,271590,Grand Theft Auto V Legacy
2016-05-01,25230.19,-6441.1,-20.34,48053,271590,Grand Theft Auto V Legacy
2016-04-01,31671.3,-2329.14,-6.85,65878,271590,Grand Theft Auto V Legacy
2016-03-01,34000.43,-6012.67,-15.03,64633,271590,Grand Theft Auto V Legacy
2016-02-01,40013.1,-6980.23,-14.85,72735,271590,Grand Theft Auto V Legacy
2016-01-01,46993.33,3118.61,7.11,93726,271590,Grand Theft Auto V Legacy
2015-12-01,43874.72,9408.88,27.3,84558,271590,Grand Theft Auto V Legacy
2015-11-01,34465.84,3541.09,11.45,77141,271590,Grand Theft Auto V Legacy
2015-10-01,30924.76,5536.95,21.81,73902,271590,Grand Theft Auto V Legacy
2015-09-01,25387.81,-5530.26,-17.89,46917,271590,Grand Theft Auto V Legacy
2015-08-01,30918.06,-6739.01,-17.9,50693,271590,Grand Theft Auto V Legacy
2015-07-01,37657.07,-9296.17,-19.8,60908,271590,Grand Theft Auto V Legacy
2015-06-01,46953.24,-46408.38,-49.71,85195,271590,Grand Theft Auto V Legacy
2015-05-01,93361.62,-99352.39,-51.55,215966,271590,Grand Theft Auto V Legacy
2015-04-01,192714.01,,,360761,271590,Grand Theft Auto V Legacy
,62577.05,-2023.6,-3.13,131755,413150,Stardew Valley
2026-04-01,64600.61,-5091.31,-7.31,131755,413150,Stardew Valley
2026-03-01,69691.92,5018.96,7.76,158182,413150,Stardew Valley
2026-02-01,64672.96,-11658.75,-15.27,114730,413150,Stardew Valley
2026-01-01,76331.71,17844.41,30.51,139682,413150,Stardew Valley
2025-12-01,58487.3,4498.66,8.33,139162,413150,Stardew Valley
2025-11-01,53988.64,-7179.88,-11.74,102931,413150,Stardew Valley
2025-10-01,61168.53,2520.02,4.3,131695,413150,Stardew Valley
2025-09-01,58648.51,-16237.72,-21.68,117743,413150,Stardew Valley
2025-08-01,74886.23,-10057.52,-11.84,135679,413150,Stardew Valley
2025-07-01,84943.75,26279.49,44.8,157704,413150,Stardew Valley
2025-06-01,58664.26,3872.85,7.07,136344,413150,Stardew Valley
2025-05-01,54791.41,-3371.66,-5.8,100604,413150,Stardew Valley
2025-04-01,58163.07,-3699.81,-5.98,118620,413150,Stardew Valley
2025-03-01,61862.88,2479.5,4.18,136302,413150,Stardew Valley
2025-02-01,59383.38,-13424.61,-18.44,100401,413150,Stardew Valley
2025-01-01,72807.99,6395.02,9.63,129558,413150,Stardew Valley
2024-12-01,66412.98,4557.53,7.37,125672,413150,Stardew Valley
2024-11-01,61855.45,-4795.42,-7.19,116286,413150,Stardew Valley
2024-10-01,66650.87,17423.35,35.39,176909,413150,Stardew Valley
2024-09-01,49227.52,-16343.61,-24.93,88441,413150,Stardew Valley
2024-08-01,65571.14,-17280.92,-20.86,114626,413150,Stardew Valley
2024-07-01,82852.05,18846.07,29.44,148985,413150,Stardew Valley
2024-06-01,64005.98,-25010.95,-28.1,117975,413150,Stardew Valley
2024-05-01,89016.93,-31116.91,-25.9,175581,413150,Stardew Valley
2024-04-01,120133.84,37545.95,45.46,209332,413150,Stardew Valley
2024-03-01,82587.89,50234.94,155.27,236614,413150,Stardew Valley
2024-02-01,32352.95,-6729.78,-17.22,60742,413150,Stardew Valley
2024-01-01,39082.73,7133.94,22.33,58773,413150,Stardew Valley
2023-12-01,31948.8,3234.07,11.26,53605,413150,Stardew Valley
2023-11-01,28714.73,-841.63,-2.85,46525,413150,Stardew Valley
2023-10-01,29556.36,1791.85,6.45,48881,413150,Stardew Valley
2023-09-01,27764.51,-6756.07,-19.57,44391,413150,Stardew Valley
2023-08-01,34520.58,-3048.0,-8.11,53949,413150,Stardew Valley
2023-07-01,37568.58,7706.54,25.81,53687,413150,Stardew Valley
2023-06-01,29862.03,1759.24,6.26,45510,413150,Stardew Valley
2023-05-01,28102.79,-4479.56,-13.75,43446,413150,Stardew Valley
2023-04-01,32582.35,-1316.66,-3.88,50739,413150,Stardew Valley
2023-03-01,33899.01,-2365.07,-6.52,52043,413150,Stardew Valley
2023-02-01,36264.07,-4686.39,-11.44,56110,413150,Stardew Valley
2023-01-01,40950.46,12553.99,44.21,59095,413150,Stardew Valley
2022-12-01,28396.47,4500.51,18.83,48081,413150,Stardew Valley
2022-11-01,23895.96,1232.49,5.44,37232,413150,Stardew Valley
2022-10-01,22663.47,-2090.06,-8.44,35033,413150,Stardew Valley
2022-09-01,24753.54,-6648.71,-21.17,38451,413150,Stardew Valley
2022-08-01,31402.25,-7674.23,-19.64,46813,413150,Stardew Valley
2022-07-01,39076.48,7300.71,22.98,54288,413150,Stardew Valley
2022-06-01,31775.77,3739.2,13.34,49366,413150,Stardew Valley
2022-05-01,28036.57,1206.78,4.5,42786,413150,Stardew Valley
2022-04-01,26829.8,978.58,3.79,40444,413150,Stardew Valley
2022-03-01,25851.21,-2942.24,-10.22,38568,413150,Stardew Valley
2022-02-01,28793.45,-4828.12,-14.36,44044,413150,Stardew Valley
2022-01-01,33621.58,8669.86,34.75,48151,413150,Stardew Valley
2021-12-01,24951.71,1745.53,7.52,39992,413150,Stardew Valley
2021-11-01,23206.18,792.06,3.53,35441,413150,Stardew Valley
2021-10-01,22414.12,-1906.76,-7.84,35687,413150,Stardew Valley
2021-09-01,24320.88,-6246.22,-20.43,36516,413150,Stardew Valley
2021-08-01,30567.1,2087.55,7.33,49612,413150,Stardew Valley
2021-07-01,28479.55,6238.17,28.05,41572,413150,Stardew Valley
2021-06-01,22241.37,-933.17,-4.03,36513,413150,Stardew Valley
2021-05-01,23174.54,-3998.04,-14.71,35440,413150,Stardew Valley
2021-04-01,27172.58,-6008.36,-18.11,42500,413150,Stardew Valley
2021-03-01,33180.94,-5123.75,-13.38,51990,413150,Stardew Valley
2021-02-01,38304.69,-18861.87,-32.99,59709,413150,Stardew Valley
2021-01-01,57166.55,27545.84,93.0,94479,413150,Stardew Valley
2020-12-01,29620.71,15816.79,114.58,89311,413150,Stardew Valley
2020-11-01,13803.92,1743.87,14.46,22453,413150,Stardew Valley
2020-10-01,12060.05,-1449.28,-10.73,18293,413150,Stardew Valley
2020-09-01,13509.32,-3143.93,-18.88,19609,413150,Stardew Valley
2020-08-01,16653.25,-3302.06,-16.55,23442,413150,Stardew Valley
2020-07-01,19955.32,4745.95,31.2,28908,413150,Stardew Valley
2020-06-01,15209.37,-5277.82,-25.76,24618,413150,Stardew Valley
2020-05-01,20487.19,-9463.98,-31.6,31679,413150,Stardew Valley
2020-04-01,29951.17,2563.11,9.36,44965,413150,Stardew Valley
2020-03-01,27388.06,3690.9,15.58,45512,413150,Stardew Valley
2020-02-01,23697.16,-659.06,-2.71,33885,413150,Stardew Valley
2020-01-01,24356.22,207.65,0.86,39046,413150,Stardew Valley
2019-12-01,24148.56,13293.41,122.46,38024,413150,Stardew Valley
2019-11-01,10855.15,1922.73,21.53,35053,413150,Stardew Valley
2019-10-01,8932.42,-340.28,-3.67,14194,413150,Stardew Valley
2019-09-01,9272.7,-1745.9,-15.84,14278,413150,Stardew Valley
2019-08-01,11018.6,-4348.52,-28.3,16327,413150,Stardew Valley
2019-07-01,15367.12,3008.72,24.35,24919,413150,Stardew Valley
2019-06-01,12358.4,-115.66,-0.93,24769,413150,Stardew Valley
2019-05-01,12474.06,-67.62,-0.54,21404,413150,Stardew Valley
2019-04-01,12541.68,-624.92,-4.75,19916,413150,Stardew Valley
2019-03-01,13166.6,442.22,3.48,19786,413150,Stardew Valley
2019-02-01,12724.38,-2524.77,-16.56,19330,413150,Stardew Valley
2019-01-01,15249.15,4089.03,36.64,24470,413150,Stardew Valley
2018-12-01,11160.12,1657.08,17.44,22842,413150,Stardew Valley
2018-11-01,9503.04,-549.54,-5.47,16133,413150,Stardew Valley
2018-10-01,10052.58,-1712.88,-14.56,16189,413150,Stardew Valley
2018-09-01,11765.47,-5121.73,-30.33,19826,413150,Stardew Valley
2018-08-01,16887.2,303.06,1.83,27255,413150,Stardew Valley
2018-07-01,16584.14,-778.28,-4.48,24692,413150,Stardew Valley
2018-06-01,17362.42,-10183.1,-36.97,30055,413150,Stardew Valley
2018-05-01,27545.52,20015.93,265.83,54212,413150,Stardew Valley
2018-04-01,7529.59,-524.04,-6.51,26926,413150,Stardew Valley
2018-03-01,8053.63,-981.18,-10.86,12668,413150,Stardew Valley
2018-02-01,9034.82,-2672.27,-22.83,14601,413150,Stardew Valley
2018-01-01,11707.09,1882.99,19.17,20139,413150,Stardew Valley
2017-12-01,9824.1,1147.6,13.23,18346,413150,Stardew Valley
2017-11-01,8676.5,534.72,6.57,17839,413150,Stardew Valley
2017-10-01,8141.78,1272.45,18.52,13654,413150,Stardew Valley
2017-09-01,6869.32,-1978.22,-22.36,10745,413150,Stardew Valley
2017-08-01,8847.55,-6690.63,-43.06,13774,413150,Stardew Valley
2017-07-01,15538.17,6633.52,74.5,28122,413150,Stardew Valley
2017-06-01,8904.65,1022.02,12.97,18718,413150,Stardew Valley
2017-05-01,7882.63,229.07,2.99,11896,413150,Stardew Valley
2017-04-01,7653.56,-2039.45,-21.04,11538,413150,Stardew Valley
2017-03-01,9693.01,-194.93,-1.97,17295,413150,Stardew Valley
2017-02-01,9887.94,-1910.91,-16.2,17590,413150,Stardew Valley
2017-01-01,11798.85,3822.87,47.93,24014,413150,Stardew Valley
2016-12-01,7975.97,1097.03,15.95,18787,413150,Stardew Valley
2016-11-01,6878.95,-2378.22,-25.69,13674,413150,Stardew Valley
2016-10-01,9257.17,4884.78,111.72,18675,413150,Stardew Valley
2016-09-01,4372.38,-1135.27,-20.61,7360,413150,Stardew Valley
2016-08-01,5507.66,-3792.11,-40.78,9367,413150,Stardew Valley
2016-07-01,9299.77,1730.11,22.86,21032,413150,Stardew Valley
2016-06-01,7569.66,-2084.83,-21.59,18642,413150,Stardew Valley
2016-05-01,9654.49,-10188.94,-51.35,20528,413150,Stardew Valley
2016-04-01,19843.44,-15104.02,-43.22,43286,413150,Stardew Valley
2016-03-01,34947.46,33352.74,2091.45,64256,413150,Stardew Valley
2016-02-01,1594.72,1594.19,300989.87,24496,413150,Stardew Valley
2016-01-01,0.53,-0.07,-11.91,3,413150,Stardew Valley
2015-12-01,0.6,,,3,413150,Stardew Valley
,57184.99,-2355.9,-3.96,119243,236390,War Thunder
2026-04-01,59540.93,1452.99,2.5,125317,236390,War Thunder
2026-03-01,58087.94,-3570.22,-5.79,101842,236390,War Thunder
2026-02-01,61658.16,-1653.61,-2.61,107788,236390,War Thunder
2026-01-01,63311.77,2759.54,4.56,113172,236390,War Thunder
2025-12-01,60552.23,6376.13,11.77,119540,236390,War Thunder
2025-11-01,54176.1,3731.12,7.4,97370,236390,War Thunder
2025-10-01,50444.98,2893.06,6.08,94871,236390,War Thunder
2025-09-01,47551.92,-4285.29,-8.27,88016,236390,War Thunder
2025-08-01,51837.21,-976.43,-1.85,83407,236390,War Thunder
2025-07-01,52813.64,-3521.18,-6.25,85973,236390,War Thunder
2025-06-01,56334.82,-1405.61,-2.43,93287,236390,War Thunder
2025-05-01,57740.43,1735.55,3.1,107400,236390,War Thunder
2025-04-01,56004.88,-3208.89,-5.42,97913,236390,War Thunder
2025-03-01,59213.78,-1052.71,-1.75,106391,236390,War Thunder
2025-02-01,60266.48,-2533.19,-4.03,100485,236390,War Thunder
2025-01-01,62799.68,212.84,0.34,105873,236390,War Thunder
2024-12-01,62586.84,484.1,0.78,116654,236390,War Thunder
2024-11-01,62102.74,4581.04,7.96,111810,236390,War Thunder
2024-10-01,57521.7,2175.38,3.93,105233,236390,War Thunder
2024-09-01,55346.32,-5493.46,-9.03,100260,236390,War Thunder
2024-08-01,60839.78,4128.68,7.28,100145,236390,War Thunder
2024-07-01,56711.1,-2441.2,-4.13,86471,236390,War Thunder
2024-06-01,59152.3,5114.16,9.46,95040,236390,War Thunder
2024-05-01,54038.13,384.9,0.72,89931,236390,War Thunder
2024-04-01,53653.24,-5810.35,-9.77,93281,236390,War Thunder
2024-03-01,59463.58,-10628.59,-15.16,100736,236390,War Thunder
2024-02-01,70092.17,4040.01,6.12,121180,236390,War Thunder
2024-01-01,66052.16,278.32,0.42,105330,236390,War Thunder
2023-12-01,65773.85,4072.41,6.6,112141,236390,War Thunder
2023-11-01,61701.44,6481.55,11.74,114806,236390,War Thunder
2023-10-01,55219.89,2250.84,4.25,97956,236390,War Thunder
2023-09-01,52969.06,-719.37,-1.34,101903,236390,War Thunder
2023-08-01,53688.43,1168.97,2.23,87109,236390,War Thunder
2023-07-01,52519.46,-800.78,-1.5,77668,236390,War Thunder
2023-06-01,53320.24,-4479.22,-7.75,83013,236390,War Thunder
2023-05-01,57799.46,-5472.98,-8.65,95962,236390,War Thunder
2023-04-01,63272.43,3468.2,5.8,113145,236390,War Thunder
2023-03-01,59804.23,-850.45,-1.4,100277,236390,War Thunder
2023-02-01,60654.68,4587.54,8.18,97939,236390,War Thunder
2023-01-01,56067.14,6252.7,12.55,88053,236390,War Thunder
2022-12-01,49814.44,1196.39,2.46,87344,236390,War Thunder
2022-11-01,48618.04,7357.26,17.83,88331,236390,War Thunder
2022-10-01,41260.79,-1566.55,-3.66,81733,236390,War Thunder
2022-09-01,42827.33,184.84,0.43,74659,236390,War Thunder
2022-08-01,42642.49,2813.8,7.06,66360,236390,War Thunder
2022-07-01,39828.69,-2696.5,-6.34,57219,236390,War Thunder
2022-06-01,42525.19,2162.81,5.36,65367,236390,War Thunder
2022-05-01,40362.39,-3250.01,-7.45,63781,236390,War Thunder
2022-04-01,43612.39,4446.7,11.35,75998,236390,War Thunder
2022-03-01,39165.69,9446.02,31.78,72842,236390,War Thunder
2022-02-01,29719.67,652.93,2.25,51210,236390,War Thunder
2022-01-01,29066.74,2485.07,9.35,45424,236390,War Thunder
2021-12-01,26581.67,370.5,1.41,43703,236390,War Thunder
2021-11-01,26211.17,1124.67,4.48,47647,236390,War Thunder
2021-10-01,25086.5,-93.31,-0.37,42419,236390,War Thunder
2021-09-01,25179.81,593.23,2.41,43439,236390,War Thunder
2021-08-01,24586.58,1585.16,6.89,38188,236390,War Thunder
2021-07-01,23001.42,-1870.04,-7.52,33676,236390,War Thunder
2021-06-01,24871.47,-670.46,-2.62,39776,236390,War Thunder
2021-05-01,25541.92,-2308.09,-8.29,40505,236390,War Thunder
2021-04-01,27850.01,-2173.2,-7.24,63379,236390,War Thunder
2021-03-01,30023.21,1420.74,4.97,54451,236390,War Thunder
2021-02-01,28602.47,1124.78,4.09,43065,236390,War Thunder
2021-01-01,27477.69,441.49,1.63,39887,236390,War Thunder
2020-12-01,27036.2,-1408.4,-4.95,49784,236390,War Thunder
2020-11-01,28444.6,7482.61,35.7,55865,236390,War Thunder
2020-10-01,20961.98,-249.99,-1.18,41463,236390,War Thunder
2020-09-01,21211.97,-289.07,-1.34,35475,236390,War Thunder
2020-08-01,21501.04,2348.62,12.26,35019,236390,War Thunder
2020-07-01,19152.43,-1248.22,-6.12,29402,236390,War Thunder
2020-06-01,20400.64,-2076.35,-9.24,32424,236390,War Thunder
2020-05-01,22476.99,-2313.17,-9.33,38871,236390,War Thunder
2020-04-01,24790.16,4469.1,21.99,43584,236390,War Thunder
2020-03-01,20321.06,5402.72,36.22,35377,236390,War Thunder
2020-02-01,14918.34,1092.94,7.91,23963,236390,War Thunder
2020-01-01,13825.4,437.01,3.26,21319,236390,War Thunder
2019-12-01,13388.39,973.86,7.84,23388,236390,War Thunder
2019-11-01,12414.53,-132.89,-1.06,21420,236390,War Thunder
2019-10-01,12547.42,-8.0,-0.06,22713,236390,War Thunder
2019-09-01,12555.42,488.88,4.05,22878,236390,War Thunder
2019-08-01,12066.54,1003.51,9.07,18688,236390,War Thunder
2019-07-01,11063.03,-611.3,-5.24,15867,236390,War Thunder
2019-06-01,11674.33,-475.93,-3.92,17809,236390,War Thunder
2019-05-01,12150.26,-1144.4,-8.61,20970,236390,War Thunder
2019-04-01,13294.67,-180.66,-1.34,25719,236390,War Thunder
2019-03-01,13475.33,1360.79,11.23,23410,236390,War Thunder
2019-02-01,12114.54,-1305.72,-9.73,20164,236390,War Thunder
2019-01-01,13420.26,91.89,0.69,21094,236390,War Thunder
2018-12-01,13328.36,1077.85,8.8,23243,236390,War Thunder
2018-11-01,12250.51,-440.13,-3.47,23467,236390,War Thunder
2018-10-01,12690.64,749.8,6.28,26688,236390,War Thunder
2018-09-01,11940.84,-27.96,-0.23,22517,236390,War Thunder
2018-08-01,11968.81,441.13,3.83,18655,236390,War Thunder
2018-07-01,11527.68,-844.41,-6.83,17640,236390,War Thunder
2018-06-01,12372.09,831.91,7.21,21592,236390,War Thunder
2018-05-01,11540.18,-1643.31,-12.46,19514,236390,War Thunder
2018-04-01,13183.49,-248.09,-1.85,25982,236390,War Thunder
2018-03-01,13431.58,2340.62,21.1,27595,236390,War Thunder
2018-02-01,11090.97,-524.35,-4.51,19024,236390,War Thunder
2018-01-01,11615.32,-264.09,-2.22,19041,236390,War Thunder
2017-12-01,11879.4,-72.34,-0.61,20886,236390,War Thunder
2017-11-01,11951.74,1270.35,11.89,22828,236390,War Thunder
2017-10-01,10681.39,216.59,2.07,20125,236390,War Thunder
2017-09-01,10464.8,314.79,3.1,19330,236390,War Thunder
2017-08-01,10150.01,770.04,8.21,15683,236390,War Thunder
2017-07-01,9379.97,-924.09,-8.97,15731,236390,War Thunder
2017-06-01,10304.06,-485.13,-4.5,18621,236390,War Thunder
2017-05-01,10789.19,-41.28,-0.38,20075,236390,War Thunder
2017-04-01,10830.48,-163.76,-1.49,22217,236390,War Thunder
2017-03-01,10994.24,164.92,1.52,21344,236390,War Thunder
2017-02-01,10829.32,-518.62,-4.57,18472,236390,War Thunder
2017-01-01,11347.94,697.34,6.55,19324,236390,War Thunder
2016-12-01,10650.6,725.75,7.31,20797,236390,War Thunder
2016-11-01,9924.85,-1091.9,-9.91,17816,236390,War Thunder
2016-10-01,11016.75,1486.95,15.6,21819,236390,War Thunder
2016-09-01,9529.8,-546.01,-5.42,24737,236390,War Thunder
2016-08-01,10075.81,379.47,3.91,17301,236390,War Thunder
2016-07-01,9696.34,-1382.98,-12.48,14474,236390,War Thunder
2016-06-01,11079.32,742.83,7.19,23531,236390,War Thunder
2016-05-01,10336.49,-756.66,-6.82,17740,236390,War Thunder
2016-04-01,11093.15,-515.85,-4.44,20631,236390,War Thunder
2016-03-01,11608.99,1215.52,11.7,24087,236390,War Thunder
2016-02-01,10393.47,-799.36,-7.14,17810,236390,War Thunder
2016-01-01,11192.82,-91.51,-0.81,22378,236390,War Thunder
2015-12-01,11284.34,-211.49,-1.84,23811,236390,War Thunder
2015-11-01,11495.83,2406.41,26.47,35236,236390,War Thunder
2015-10-01,9089.42,224.87,2.54,17817,236390,War Thunder
2015-09-01,8864.56,-1320.0,-12.96,15575,236390,War Thunder
2015-08-01,10184.55,-938.94,-8.44,15228,236390,War Thunder
2015-07-01,11123.5,1068.95,10.63,18204,236390,War Thunder
2015-06-01,10054.55,-3150.59,-23.86,21073,236390,War Thunder
2015-05-01,13205.13,1625.89,14.04,25134,236390,War Thunder
2015-04-01,11579.25,-2705.65,-18.94,24962,236390,War Thunder
2015-03-01,14284.9,1070.33,8.1,29480,236390,War Thunder
2015-02-01,13214.57,2045.04,18.31,29040,236390,War Thunder
2015-01-01,11169.53,814.94,7.87,23837,236390,War Thunder
2014-12-01,10354.59,2160.78,26.37,22249,236390,War Thunder
2014-11-01,8193.81,-746.84,-8.35,17205,236390,War Thunder
2014-10-01,8940.65,2649.49,42.11,24601,236390,War Thunder
2014-09-01,6291.17,-1329.22,-17.44,11178,236390,War Thunder
2014-08-01,7620.39,115.81,1.54,15720,236390,War Thunder
2014-07-01,7504.58,-1101.69,-12.8,11994,236390,War Thunder
2014-06-01,8606.26,-2257.15,-20.78,16117,236390,War Thunder
2014-05-01,10863.41,3772.09,53.19,26228,236390,War Thunder
2014-04-01,7091.33,1649.47,30.31,20438,236390,War Thunder
2014-03-01,5441.85,-766.12,-12.34,11541,236390,War Thunder
2014-02-01,6207.97,-868.71,-12.28,11730,236390,War Thunder
2014-01-01,7076.68,250.93,3.68,12146,236390,War Thunder
2013-12-01,6825.75,1210.67,21.56,22129,236390,War Thunder
2013-11-01,5615.08,-197.81,-3.4,13218,236390,War Thunder
2013-10-01,5812.89,-1774.08,-23.38,12446,236390,War Thunder
2013-09-01,7586.98,3467.68,84.18,18880,236390,War Thunder
2013-08-01,4119.29,4119.25,8575521.59,12850,236390,War Thunder
2013-07-01,0.05,-0.03,-40.99,1,236390,War Thunder
2013-06-01,0.08,0.08,inf,2,236390,War Thunder
2013-05-01,0.0,-0.02,-100.0,0,236390,War Thunder
2013-04-01,0.02,,,1,236390,War Thunder
,64246.73,-468.1,-0.72,98672,230410,Warframe
2026-04-01,64714.83,12287.51,23.44,98672,230410,Warframe
2026-03-01,52427.32,-4719.22,-8.26,98923,230410,Warframe
2026-02-01,57146.54,-18111.95,-24.07,83459,230410,Warframe
2026-01-01,75258.49,-10786.04,-12.54,108026,230410,Warframe
2025-12-01,86044.53,28400.51,49.27,173377,230410,Warframe
2025-11-01,57644.02,12387.41,27.37,86409,230410,Warframe
2025-10-01,45256.61,5764.85,14.6,86545,230410,Warframe
2025-09-01,39491.76,-8598.43,-17.88,61587,230410,Warframe
2025-08-01,48090.19,-363.72,-0.75,69171,230410,Warframe
2025-07-01,48453.91,5009.58,11.53,117575,230410,Warframe
2025-06-01,43444.33,-19.7,-0.05,98841,230410,Warframe
2025-05-01,43464.03,-2969.84,-6.4,73021,230410,Warframe
2025-04-01,46433.86,-6909.57,-12.95,71082,230410,Warframe
2025-03-01,53343.44,-1272.6,-2.33,101881,230410,Warframe
2025-02-01,54616.04,1177.41,2.2,76887,230410,Warframe
2025-01-01,53438.63,-2730.68,-4.86,74296,230410,Warframe
2024-12-01,56169.3,8495.62,17.82,119690,230410,Warframe
2024-11-01,47673.68,-5893.67,-11.0,76455,230410,Warframe
2024-10-01,53567.35,12093.73,29.16,98228,230410,Warframe
2024-09-01,41473.62,-4295.39,-9.38,60537,230410,Warframe
2024-08-01,45769.01,1944.28,4.44,68005,230410,Warframe
2024-07-01,43824.73,120.71,0.28,97330,230410,Warframe
2024-06-01,43704.02,684.09,1.59,91584,230410,Warframe
2024-05-01,43019.93,-6957.1,-13.92,70135,230410,Warframe
2024-04-01,49977.03,-864.06,-1.7,78277,230410,Warframe
2024-03-01,50841.09,-8406.69,-14.19,81734,230410,Warframe
2024-02-01,59247.77,-5519.0,-8.52,84823,230410,Warframe
2024-01-01,64766.78,9167.6,16.49,94593,230410,Warframe
2023-12-01,55599.18,10049.55,22.06,87383,230410,Warframe
2023-11-01,45549.63,1202.44,2.71,74457,230410,Warframe
2023-10-01,44347.2,4634.05,11.67,76911,230410,Warframe
2023-09-01,39713.14,130.55,0.33,61347,230410,Warframe
2023-08-01,39582.6,1170.46,3.05,77361,230410,Warframe
2023-07-01,38412.14,-5479.69,-12.48,61112,230410,Warframe
2023-06-01,43891.83,-11044.1,-20.1,66482,230410,Warframe
2023-05-01,54935.93,6580.85,13.61,88346,230410,Warframe
2023-04-01,48355.07,7648.58,18.79,115322,230410,Warframe
2023-03-01,40706.49,-1223.89,-2.92,63635,230410,Warframe
2023-02-01,41930.39,1259.47,3.1,59850,230410,Warframe
2023-01-01,40670.91,1568.74,4.01,58816,230410,Warframe
2022-12-01,39102.17,9133.81,30.48,64073,230410,Warframe
2022-11-01,29968.36,-4134.22,-12.12,58261,230410,Warframe
2022-10-01,34102.58,-5668.9,-14.25,55500,230410,Warframe
2022-09-01,39771.48,2189.87,5.83,77239,230410,Warframe
2022-08-01,37581.61,-2184.06,-5.49,58478,230410,Warframe
2022-07-01,39765.67,2418.25,6.48,91910,230410,Warframe
2022-06-01,37347.42,-8875.02,-19.2,68207,230410,Warframe
2022-05-01,46222.44,2989.71,6.92,84285,230410,Warframe
2022-04-01,43232.73,12172.1,39.19,87532,230410,Warframe
2022-03-01,31060.63,-3977.32,-11.35,62134,230410,Warframe
2022-02-01,35037.94,-12357.3,-26.07,57905,230410,Warframe
2022-01-01,47395.24,-7255.95,-13.28,77400,230410,Warframe
2021-12-01,54651.19,13875.07,34.03,118297,230410,Warframe
2021-11-01,40776.13,909.77,2.28,73093,230410,Warframe
2021-10-01,39866.36,-7101.99,-15.12,71407,230410,Warframe
2021-09-01,46968.35,-3785.16,-7.46,82680,230410,Warframe
2021-08-01,50753.51,-861.27,-1.67,74329,230410,Warframe
2021-07-01,51614.78,11992.53,30.27,181509,230410,Warframe
2021-06-01,39622.26,-7061.59,-15.13,69028,230410,Warframe
2021-05-01,46683.85,267.46,0.58,77193,230410,Warframe
2021-04-01,46416.38,3464.79,8.07,79251,230410,Warframe
2021-03-01,42951.59,3741.63,9.54,83221,230410,Warframe
2021-02-01,39209.96,3085.81,8.54,61032,230410,Warframe
2021-01-01,36124.14,134.09,0.37,60019,230410,Warframe
2020-12-01,35990.05,-3923.97,-9.83,70305,230410,Warframe
2020-11-01,39914.02,-1384.76,-3.35,68553,230410,Warframe
2020-10-01,41298.79,-15032.09,-26.69,69891,230410,Warframe
2020-09-01,56330.88,-3298.15,-5.53,90316,230410,Warframe
2020-08-01,59629.02,20243.88,51.4,154246,230410,Warframe
2020-07-01,39385.15,-5445.2,-12.15,58719,230410,Warframe
2020-06-01,44830.35,-4856.71,-9.77,81798,230410,Warframe
2020-05-01,49687.06,-6631.71,-11.78,76165,230410,Warframe
2020-04-01,56318.77,3491.4,6.61,94162,230410,Warframe
2020-03-01,52827.37,11892.49,29.05,88215,230410,Warframe
2020-02-01,40934.88,4670.8,12.88,70798,230410,Warframe
2020-01-01,36264.08,-10878.94,-23.08,59186,230410,Warframe
2019-12-01,47143.02,1050.29,2.28,84081,230410,Warframe
2019-11-01,46092.73,11693.86,33.99,87616,230410,Warframe
2019-10-01,34398.86,-8083.36,-19.03,60931,230410,Warframe
2019-09-01,42482.22,-10713.34,-20.14,80466,230410,Warframe
2019-08-01,53195.56,-2706.68,-4.84,96262,230410,Warframe
2019-07-01,55902.24,13228.98,31.0,94907,230410,Warframe
2019-06-01,42673.26,-7907.43,-15.63,74255,230410,Warframe
2019-05-01,50580.69,-5993.82,-10.59,97068,230410,Warframe
2019-04-01,56574.51,-6225.98,-9.91,107898,230410,Warframe
2019-03-01,62800.49,16576.23,35.86,115102,230410,Warframe
2019-02-01,46224.26,-6530.25,-12.38,74472,230410,Warframe
2019-01-01,52754.51,-973.04,-1.81,82266,230410,Warframe
2018-12-01,53727.55,-7758.99,-12.62,89029,230410,Warframe
2018-11-01,61486.55,11768.29,23.67,131766,230410,Warframe
2018-10-01,49718.26,-2076.0,-4.01,99735,230410,Warframe
2018-09-01,51794.26,-17097.44,-24.82,86984,230410,Warframe
2018-08-01,68891.69,-7703.22,-10.06,107100,230410,Warframe
2018-07-01,76594.91,19971.45,35.27,118191,230410,Warframe
2018-06-01,56623.46,13680.6,31.86,129002,230410,Warframe
2018-05-01,42942.86,-7399.31,-14.7,73097,230410,Warframe
2018-04-01,50342.17,2251.24,4.68,85227,230410,Warframe
2018-03-01,48090.92,-944.53,-1.93,81338,230410,Warframe
2018-02-01,49035.45,3857.89,8.54,82384,230410,Warframe
2018-01-01,45177.56,-6202.41,-12.07,69002,230410,Warframe
2017-12-01,51379.97,-5120.47,-9.06,76564,230410,Warframe
2017-11-01,56500.44,-5408.38,-8.74,102965,230410,Warframe
2017-10-01,61908.82,24880.71,67.19,121377,230410,Warframe
2017-09-01,37028.11,-2939.28,-7.35,58608,230410,Warframe
2017-08-01,39967.39,965.21,2.47,55743,230410,Warframe
2017-07-01,39002.18,13100.15,50.58,58314,230410,Warframe
2017-06-01,25902.03,-1879.21,-6.76,51423,230410,Warframe
2017-05-01,27781.24,-2795.16,-9.14,47732,230410,Warframe
2017-04-01,30576.4,-147.26,-0.48,50822,230410,Warframe
2017-03-01,30723.66,2325.41,8.19,69526,230410,Warframe
2017-02-01,28398.25,-3336.65,-10.51,45309,230410,Warframe
2017-01-01,31734.9,-1943.55,-5.77,47134,230410,Warframe
2016-12-01,33678.45,3861.26,12.95,56812,230410,Warframe
2016-11-01,29817.19,8928.58,42.74,68530,230410,Warframe
2016-10-01,20888.62,-1887.31,-8.29,34094,230410,Warframe
2016-09-01,22775.92,-3772.49,-14.21,39037,230410,Warframe
2016-08-01,26548.41,-1977.75,-6.93,46268,230410,Warframe
2016-07-01,28526.17,2199.23,8.35,61417,230410,Warframe
2016-06-01,26326.93,-271.05,-1.02,41739,230410,Warframe
2016-05-01,26597.98,-547.56,-2.02,44091,230410,Warframe
2016-04-01,27145.55,-6602.0,-19.56,47242,230410,Warframe
2016-03-01,33747.55,1838.3,5.76,66308,230410,Warframe
2016-02-01,31909.25,1199.69,3.91,49683,230410,Warframe
2016-01-01,30709.56,-2544.25,-7.65,50177,230410,Warframe
2015-12-01,33253.8,11920.4,55.88,58502,230410,Warframe
2015-11-01,21333.4,-6380.24,-23.02,37303,230410,Warframe
2015-10-01,27713.64,5645.86,25.58,48901,230410,Warframe
2015-09-01,22067.78,-7092.23,-24.32,38904,230410,Warframe
2015-08-01,29160.01,9223.72,46.27,44908,230410,Warframe
2015-07-01,19936.29,1570.03,8.55,49829,230410,Warframe
2015-06-01,18366.27,-2564.27,-12.25,29209,230410,Warframe
2015-05-01,20930.54,-1167.12,-5.28,37595,230410,Warframe
2015-04-01,22097.66,864.32,4.07,40497,230410,Warframe
2015-03-01,21233.34,2854.61,15.53,42816,230410,Warframe
2015-02-01,18378.74,459.19,2.56,28376,230410,Warframe
2015-01-01,17919.54,-1456.78,-7.52,28400,230410,Warframe
2014-12-01,19376.33,2479.55,14.67,29349,230410,Warframe
2014-11-01,16896.78,1159.8,7.37,32800,230410,Warframe
2014-10-01,15736.98,-66.18,-0.42,34785,230410,Warframe
2014-09-01,15803.16,-662.9,-4.03,25841,230410,Warframe
2014-08-01,16466.05,1243.7,8.17,28233,230410,Warframe
2014-07-01,15222.36,3073.45,25.3,31766,230410,Warframe
2014-06-01,12148.9,539.89,4.65,19939,230410,Warframe
2014-05-01,11609.02,-2763.5,-19.23,19536,230410,Warframe
2014-04-01,14372.52,1993.52,16.1,26848,230410,Warframe
2014-03-01,12379.0,-1273.85,-9.33,21193,230410,Warframe
2014-02-01,13652.84,1992.0,17.08,21380,230410,Warframe
2014-01-01,11660.84,545.15,4.9,16929,230410,Warframe
2013-12-01,11115.69,1894.94,20.55,18274,230410,Warframe
2013-11-01,9220.75,283.07,3.17,18459,230410,Warframe
2013-10-01,8937.68,-778.95,-8.02,16381,230410,Warframe
2013-09-01,9716.62,884.84,10.02,18941,230410,Warframe
2013-08-01,8831.78,-773.81,-8.06,14349,230410,Warframe
2013-07-01,9605.6,-1168.82,-10.85,15714,230410,Warframe
2013-06-01,10774.41,435.88,4.22,19554,230410,Warframe
2013-05-01,10338.53,-1991.12,-16.15,19734,230410,Warframe
2013-04-01,12329.65,10369.52,529.02,21157,230410,Warframe
2013-03-01,1960.13,1960.13,43776179.05,19099,230410,Warframe
2013-02-01,0.0,0.0,inf,1,230410,Warframe
2013-01-01,0.0,,,0,230410,Warframe
,95891.99,-12288.6,-11.36,236233,3321460,Crimson Desert
2026-04-01,108180.54,-58215.57,-34.99,236233,3321460,Crimson Desert
2026-03-01,166396.11,,,275859,3321460,Crimson Desert
,26765.72,-496.3,-1.82,75938,1203220,NARAKA: BLADEPOINT
2026-04-01,27261.98,-1815.91,-6.24,84830,1203220,NARAKA: BLADEPOINT
2026-03-01,29077.88,-4791.65,-14.15,87522,1203220,NARAKA: BLADEPOINT
2026-02-01,33869.54,-2060.78,-5.74,96685,1203220,NARAKA: BLADEPOINT
2026-01-01,35930.31,-5003.87,-12.22,116200,1203220,NARAKA: BLADEPOINT
2025-12-01,40934.19,-3219.11,-7.29,139531,1203220,NARAKA: BLADEPOINT
2025-11-01,44153.3,-5108.45,-10.37,142014,1203220,NARAKA: BLADEPOINT
2025-10-01,49261.75,2130.69,4.52,180718,1203220,NARAKA: BLADEPOINT
2025-09-01,47131.06,-8248.48,-14.89,140882,1203220,NARAKA: BLADEPOINT
2025-08-01,55379.54,-6926.23,-11.12,165613,1203220,NARAKA: BLADEPOINT
2025-07-01,62305.77,18345.4,41.73,217557,1203220,NARAKA: BLADEPOINT
2025-06-01,43960.37,-7907.61,-15.25,139612,1203220,NARAKA: BLADEPOINT
2025-05-01,51867.98,-5399.45,-9.43,151752,1203220,NARAKA: BLADEPOINT
2025-04-01,57267.43,-8377.17,-12.76,205593,1203220,NARAKA: BLADEPOINT
2025-03-01,65644.59,-16786.82,-20.36,225102,1203220,NARAKA: BLADEPOINT
2025-02-01,82431.42,-3041.78,-3.56,229937,1203220,NARAKA: BLADEPOINT
2025-01-01,85473.2,-18644.56,-17.91,239741,1203220,NARAKA: BLADEPOINT
2024-12-01,104117.75,5719.84,5.81,322243,1203220,NARAKA: BLADEPOINT
2024-11-01,98397.91,-12189.8,-11.02,316941,1203220,NARAKA: BLADEPOINT
2024-10-01,110587.71,-6207.08,-5.31,337515,1203220,NARAKA: BLADEPOINT
2024-09-01,116794.79,615.22,0.53,381059,1203220,NARAKA: BLADEPOINT
2024-08-01,116179.57,-18284.55,-13.6,326026,1203220,NARAKA: BLADEPOINT
2024-07-01,134464.12,27794.99,26.06,385770,1203220,NARAKA: BLADEPOINT
2024-06-01,106669.13,5843.08,5.8,291633,1203220,NARAKA: BLADEPOINT
2024-05-01,100826.05,-8529.06,-7.8,312137,1203220,NARAKA: BLADEPOINT
2024-04-01,109355.1,3096.99,2.91,372076,1203220,NARAKA: BLADEPOINT
2024-03-01,106258.11,8452.4,8.64,302152,1203220,NARAKA: BLADEPOINT
2024-02-01,97805.71,95.34,0.1,282136,1203220,NARAKA: BLADEPOINT
2024-01-01,97710.37,-29.99,-0.03,293291,1203220,NARAKA: BLADEPOINT
2023-12-01,97740.36,4475.52,4.8,286647,1203220,NARAKA: BLADEPOINT
2023-11-01,93264.84,-2027.94,-2.13,277089,1203220,NARAKA: BLADEPOINT
2023-10-01,95292.78,8393.11,9.66,295419,1203220,NARAKA: BLADEPOINT
2023-09-01,86899.67,-6110.84,-6.57,242387,1203220,NARAKA: BLADEPOINT
2023-08-01,93010.51,14239.76,18.08,225542,1203220,NARAKA: BLADEPOINT
2023-07-01,78770.75,39367.03,99.91,264406,1203220,NARAKA: BLADEPOINT
2023-06-01,39403.72,-2058.56,-4.96,133315,1203220,NARAKA: BLADEPOINT
2023-05-01,41462.28,-2812.57,-6.35,124454,1203220,NARAKA: BLADEPOINT
2023-04-01,44274.85,-2571.06,-5.49,137001,1203220,NARAKA: BLADEPOINT
2023-03-01,46845.91,-4048.26,-7.95,144555,1203220,NARAKA: BLADEPOINT
2023-02-01,50894.17,1515.97,3.07,144657,1203220,NARAKA: BLADEPOINT
2023-01-01,49378.19,-3084.22,-5.88,124913,1203220,NARAKA: BLADEPOINT
2022-12-01,52462.42,-611.27,-1.15,155107,1203220,NARAKA: BLADEPOINT
2022-11-01,53073.69,219.18,0.41,166259,1203220,NARAKA: BLADEPOINT
2022-10-01,52854.51,-3254.97,-5.8,162366,1203220,NARAKA: BLADEPOINT
2022-09-01,56109.48,1572.5,2.88,149175,1203220,NARAKA: BLADEPOINT
2022-08-01,54536.98,13709.12,33.58,165639,1203220,NARAKA: BLADEPOINT
2022-07-01,40827.86,-1524.33,-3.6,106751,1203220,NARAKA: BLADEPOINT
2022-06-01,42352.19,-7194.05,-14.52,109793,1203220,NARAKA: BLADEPOINT
2022-05-01,49546.24,-5540.39,-10.06,129636,1203220,NARAKA: BLADEPOINT
2022-04-01,55086.62,-4373.96,-7.36,146195,1203220,NARAKA: BLADEPOINT
2022-03-01,59460.58,5160.75,9.5,165976,1203220,NARAKA: BLADEPOINT
2022-02-01,54299.83,748.98,1.4,148721,1203220,NARAKA: BLADEPOINT
2022-01-01,53550.85,-7639.74,-12.49,138595,1203220,NARAKA: BLADEPOINT
2021-12-01,61190.58,12265.4,25.07,186707,1203220,NARAKA: BLADEPOINT
2021-11-01,48925.18,-2805.99,-5.42,154161,1203220,NARAKA: BLADEPOINT
2021-10-01,51731.18,-12541.05,-19.51,141344,1203220,NARAKA: BLADEPOINT
2021-09-01,64272.23,9104.06,16.5,160720,1203220,NARAKA: BLADEPOINT
2021-08-01,55168.17,,,128628,1203220,NARAKA: BLADEPOINT
,101485.99,-6403.6,-5.94,210970,3041230,Windrose
2026-04-01,107889.62,,,210970,3041230,Windrose
,48083.76,-1160.3,-2.36,94654,3240220,Grand Theft Auto V Enhanced
2026-04-01,49244.03,-2045.03,-3.99,94654,3240220,Grand Theft Auto V Enhanced
2026-03-01,51289.05,-4914.76,-8.74,98528,3240220,Grand Theft Auto V Enhanced
2026-02-01,56203.81,-12703.97,-18.44,106203,3240220,Grand Theft Auto V Enhanced
2026-01-01,68907.78,-8901.74,-11.44,116063,3240220,Grand Theft Auto V Enhanced
2025-12-01,77809.52,30364.75,64.0,151971,3240220,Grand Theft Auto V Enhanced
2025-11-01,47444.77,7864.08,19.87,101230,3240220,Grand Theft Auto V Enhanced
2025-10-01,39580.68,2909.98,7.94,75808,3240220,Grand Theft Auto V Enhanced
2025-09-01,36670.7,-3826.07,-9.45,72971,3240220,Grand Theft Auto V Enhanced
2025-08-01,40496.78,519.71,1.3,79692,3240220,Grand Theft Auto V Enhanced
2025-07-01,39977.07,-3589.06,-8.24,66458,3240220,Grand Theft Auto V Enhanced
2025-06-01,43566.13,-1663.19,-3.68,75456,3240220,Grand Theft Auto V Enhanced
2025-05-01,45229.32,-180.02,-0.4,86303,3240220,Grand Theft Auto V Enhanced
2025-04-01,45409.34,-29884.72,-39.69,93673,3240220,Grand Theft Auto V Enhanced
2025-03-01,75294.06,,,157412,3240220,Grand Theft Auto V Enhanced
,49515.86,412.1,0.84,83904,381210,Dead by Daylight
2026-04-01,49103.75,2880.72,6.23,77398,381210,Dead by Daylight
2026-03-01,46223.03,-9073.38,-16.41,84502,381210,Dead by Daylight
2026-02-01,55296.41,6008.71,12.19,93286,381210,Dead by Daylight
2026-01-01,49287.7,10660.11,27.6,96633,381210,Dead by Daylight
2025-12-01,38627.59,-8452.29,-17.95,57962,381210,Dead by Daylight
2025-11-01,47079.88,-4381.52,-8.51,82802,381210,Dead by Daylight
2025-10-01,51461.4,4072.3,8.59,90008,381210,Dead by Daylight
2025-09-01,47389.1,-12132.92,-20.38,78689,381210,Dead by Daylight
2025-08-01,59522.02,-4014.55,-6.32,104570,381210,Dead by Daylight
2025-07-01,63536.57,7046.68,12.47,96818,381210,Dead by Daylight
2025-06-01,56489.89,14303.32,33.9,120430,381210,Dead by Daylight
2025-05-01,42186.57,737.21,1.78,82506,381210,Dead by Daylight
2025-04-01,41449.36,9723.67,30.65,71375,381210,Dead by Daylight
2025-03-01,31725.69,-3911.44,-10.98,50802,381210,Dead by Daylight
2025-02-01,35637.13,5115.27,16.76,66219,381210,Dead by Daylight
2025-01-01,30521.87,-852.75,-2.72,44111,381210,Dead by Daylight
2024-12-01,31374.61,-7193.25,-18.65,46522,381210,Dead by Daylight
2024-11-01,38567.86,-1129.23,-2.84,68157,381210,Dead by Daylight
2024-10-01,39697.1,1442.56,3.77,70208,381210,Dead by Daylight
2024-09-01,38254.54,-2625.07,-6.42,59668,381210,Dead by Daylight
2024-08-01,40879.61,234.41,0.58,62754,381210,Dead by Daylight
2024-07-01,40645.2,-4160.91,-9.29,99859,381210,Dead by Daylight
2024-06-01,44806.11,8980.74,25.07,83741,381210,Dead by Daylight
2024-05-01,35825.37,2779.09,8.41,62610,381210,Dead by Daylight
2024-04-01,33046.27,-9236.57,-21.84,56673,381210,Dead by Daylight
2024-03-01,42282.84,10098.3,31.38,71444,381210,Dead by Daylight
2024-02-01,32184.55,3840.49,13.55,48792,381210,Dead by Daylight
2024-01-01,28344.06,-2914.75,-9.32,42401,381210,Dead by Daylight
2023-12-01,31258.81,-1379.06,-4.23,50431,381210,Dead by Daylight
2023-11-01,32637.87,1540.12,4.95,57906,381210,Dead by Daylight
2023-10-01,31097.75,916.62,3.04,60779,381210,Dead by Daylight
2023-09-01,30181.13,-5903.96,-16.36,49617,381210,Dead by Daylight
2023-08-01,36085.09,-5067.41,-12.31,56455,381210,Dead by Daylight
2023-07-01,41152.51,1039.32,2.59,66799,381210,Dead by Daylight
2023-06-01,40113.19,9268.89,30.05,87747,381210,Dead by Daylight
2023-05-01,30844.29,782.76,2.6,47348,381210,Dead by Daylight
2023-04-01,30061.53,-2865.88,-8.7,46191,381210,Dead by Daylight
2023-03-01,32927.41,744.4,2.31,55808,381210,Dead by Daylight
2023-02-01,32183.02,-1432.27,-4.26,48520,381210,Dead by Daylight
2023-01-01,33615.29,930.79,2.85,51637,381210,Dead by Daylight
2022-12-01,32684.5,-907.42,-2.7,46470,381210,Dead by Daylight
2022-11-01,33591.92,-4479.88,-11.77,55272,381210,Dead by Daylight
2022-10-01,38071.81,146.39,0.39,67565,381210,Dead by Daylight
2022-09-01,37925.41,2276.19,6.38,66113,381210,Dead by Daylight
2022-08-01,35649.22,-1309.81,-3.54,70127,381210,Dead by Daylight
2022-07-01,36959.03,-12182.82,-24.79,68130,381210,Dead by Daylight
2022-06-01,49141.85,17094.01,53.34,96390,381210,Dead by Daylight
2022-05-01,32047.85,2099.72,7.01,50818,381210,Dead by Daylight
2022-04-01,29948.12,-4446.66,-12.93,47960,381210,Dead by Daylight
2022-03-01,34394.78,-1812.26,-5.01,53766,381210,Dead by Daylight
2022-02-01,36207.04,-3921.98,-9.77,52508,381210,Dead by Daylight
2022-01-01,40129.02,-4510.44,-10.1,62074,381210,Dead by Daylight
2021-12-01,44639.46,-319.23,-0.71,73945,381210,Dead by Daylight
2021-11-01,44958.69,-5202.77,-10.37,76930,381210,Dead by Daylight
2021-10-01,50161.46,-1229.28,-2.39,100416,381210,Dead by Daylight
2021-09-01,51390.73,262.68,0.51,82776,381210,Dead by Daylight
2021-08-01,51128.06,-11359.69,-18.18,75217,381210,Dead by Daylight
2021-07-01,62487.74,13719.23,28.13,96393,381210,Dead by Daylight
2021-06-01,48768.51,8166.02,20.11,105052,381210,Dead by Daylight
2021-05-01,40602.49,2735.3,7.22,86430,381210,Dead by Daylight
2021-04-01,37867.2,3701.15,10.83,55071,381210,Dead by Daylight
2021-03-01,34166.04,-1182.41,-3.35,56338,381210,Dead by Daylight
2021-02-01,35348.46,-994.04,-2.74,52322,381210,Dead by Daylight
2021-01-01,36342.49,710.31,1.99,53583,381210,Dead by Daylight
2020-12-01,35632.18,-650.96,-1.79,54526,381210,Dead by Daylight
2020-11-01,36283.14,2810.21,8.4,75075,381210,Dead by Daylight
2020-10-01,33472.92,-6425.43,-16.1,77347,381210,Dead by Daylight
2020-09-01,39898.35,-249.94,-0.62,76258,381210,Dead by Daylight
2020-08-01,40148.29,-388.79,-0.96,58910,381210,Dead by Daylight
2020-07-01,40537.08,57.17,0.14,66429,381210,Dead by Daylight
2020-06-01,40479.91,6747.27,20.0,77341,381210,Dead by Daylight
2020-05-01,33732.64,1339.98,4.14,57799,381210,Dead by Daylight
2020-04-01,32392.67,2045.52,6.74,58477,381210,Dead by Daylight
2020-03-01,30347.14,6925.91,29.57,51146,381210,Dead by Daylight
2020-02-01,23421.23,-160.92,-0.68,38942,381210,Dead by Daylight
2020-01-01,23582.15,479.35,2.07,44620,381210,Dead by Daylight
2019-12-01,23102.8,-360.58,-1.54,38177,381210,Dead by Daylight
2019-11-01,23463.37,3079.29,15.11,52818,381210,Dead by Daylight
2019-10-01,20384.08,-3074.68,-13.11,46399,381210,Dead by Daylight
2019-09-01,23458.77,4205.46,21.84,49308,381210,Dead by Daylight
2019-08-01,19253.31,150.67,0.79,29281,381210,Dead by Daylight
2019-07-01,19102.64,-2403.1,-11.17,28581,381210,Dead by Daylight
2019-06-01,21505.73,941.08,4.58,40782,381210,Dead by Daylight
2019-05-01,20564.66,3604.65,21.25,75044,381210,Dead by Daylight
2019-04-01,16960.01,579.26,3.54,34038,381210,Dead by Daylight
2019-03-01,16380.76,-2796.03,-14.58,26669,381210,Dead by Daylight
2019-02-01,19176.79,-2902.28,-13.14,37289,381210,Dead by Daylight
2019-01-01,22079.07,2356.53,11.95,41441,381210,Dead by Daylight
2018-12-01,19722.54,1198.52,6.47,38560,381210,Dead by Daylight
2018-11-01,18524.02,-3971.89,-17.66,40901,381210,Dead by Daylight
2018-10-01,22495.91,606.01,2.77,51065,381210,Dead by Daylight
2018-09-01,21889.9,2363.66,12.11,62756,381210,Dead by Daylight
2018-08-01,19526.24,-2622.7,-11.84,36374,381210,Dead by Daylight
2018-07-01,22148.94,2642.76,13.55,46865,381210,Dead by Daylight
2018-06-01,19506.18,5712.0,41.41,36423,381210,Dead by Daylight
2018-05-01,13794.19,1203.1,9.56,36414,381210,Dead by Daylight
2018-04-01,12591.08,-664.94,-5.02,22439,381210,Dead by Daylight
2018-03-01,13256.02,-3457.44,-20.69,23707,381210,Dead by Daylight
2018-02-01,16713.46,2087.22,14.27,33397,381210,Dead by Daylight
2018-01-01,14626.25,1020.56,7.5,33164,381210,Dead by Daylight
2017-12-01,13605.69,-751.1,-5.23,26850,381210,Dead by Daylight
2017-11-01,14356.79,-526.65,-3.54,31039,381210,Dead by Daylight
2017-10-01,14883.44,392.81,2.71,36343,381210,Dead by Daylight
2017-09-01,14490.63,2128.37,17.22,38698,381210,Dead by Daylight
2017-08-01,12362.26,2069.92,20.11,27166,381210,Dead by Daylight
2017-07-01,10292.33,335.65,3.37,23814,381210,Dead by Daylight
2017-06-01,9956.68,1035.2,11.6,22352,381210,Dead by Daylight
2017-05-01,8921.47,505.44,6.01,20067,381210,Dead by Daylight
2017-04-01,8416.03,-1138.32,-11.91,17124,381210,Dead by Daylight
2017-03-01,9554.36,-1783.81,-15.73,20082,381210,Dead by Daylight
2017-02-01,11338.16,-3788.72,-25.05,23442,381210,Dead by Daylight
2017-01-01,15126.89,-1913.15,-11.23,31992,381210,Dead by Daylight
2016-12-01,17040.03,2068.7,13.82,42895,381210,Dead by Daylight
2016-11-01,14971.33,2647.33,21.48,29783,381210,Dead by Daylight
2016-10-01,12324.01,-537.78,-4.18,29147,381210,Dead by Daylight
2016-09-01,12861.78,-2970.94,-18.76,24120,381210,Dead by Daylight
2016-08-01,15832.73,2493.79,18.7,42268,381210,Dead by Daylight
2016-07-01,13338.93,2091.16,18.59,23743,381210,Dead by Daylight
2016-06-01,11247.77,,,18011,381210,Dead by Daylight
,42853.48,-235.7,-0.55,85368,480,Spacewar
2026-04-01,43089.19,-3409.44,-7.33,85368,480,Spacewar
2026-03-01,46498.63,3624.02,8.45,96643,480,Spacewar
2026-02-01,42874.61,2156.76,5.3,79361,480,Spacewar
2026-01-01,40717.85,1427.95,3.63,74928,480,Spacewar
2025-12-01,39289.9,-3286.58,-7.72,73766,480,Spacewar
2025-11-01,42576.48,667.25,1.59,80900,480,Spacewar
2025-10-01,41909.23,2341.74,5.92,89228,480,Spacewar
2025-09-01,39567.49,-3775.32,-8.71,88676,480,Spacewar
2025-08-01,43342.81,86.11,0.2,75206,480,Spacewar
2025-07-01,43256.7,-5842.23,-11.9,72901,480,Spacewar
2025-06-01,49098.93,5826.01,13.46,88754,480,Spacewar
2025-05-01,43272.92,-16119.14,-27.14,81942,480,Spacewar
2025-04-01,59392.06,11407.88,23.77,131080,480,Spacewar
2025-03-01,47984.18,13072.92,37.45,138329,480,Spacewar
2025-02-01,34911.26,1336.15,3.98,66259,480,Spacewar
2025-01-01,33575.11,4500.33,15.48,62990,480,Spacewar
2024-12-01,29074.78,-2916.54,-9.12,56927,480,Spacewar
2024-11-01,31991.32,-496.91,-1.53,62682,480,Spacewar
2024-10-01,32488.23,5809.59,21.78,68820,480,Spacewar
2024-09-01,26678.64,-1591.82,-5.63,56400,480,Spacewar
2024-08-01,28270.46,-940.16,-3.22,48162,480,Spacewar
2024-07-01,29210.62,1059.2,3.76,48337,480,Spacewar
2024-06-01,28151.42,2698.46,10.6,50693,480,Spacewar
2024-05-01,25452.97,-189.23,-0.74,51908,480,Spacewar
2024-04-01,25642.19,-4132.89,-13.88,51889,480,Spacewar
2024-03-01,29775.08,-7310.58,-19.71,62159,480,Spacewar
2024-02-01,37085.66,-292.8,-0.78,87446,480,Spacewar
2024-01-01,37378.46,7715.37,26.01,102634,480,Spacewar
2023-12-01,29663.09,5497.34,22.75,60474,480,Spacewar
2023-11-01,24165.75,3656.69,17.83,57550,480,Spacewar
2023-10-01,20509.06,315.37,1.56,42473,480,Spacewar
2023-09-01,20193.69,-3157.01,-13.52,41234,480,Spacewar
2023-08-01,23350.7,3226.38,16.03,39582,480,Spacewar
2023-07-01,20124.32,464.22,2.36,38691,480,Spacewar
2023-06-01,19660.11,1397.93,7.65,33963,480,Spacewar
2023-05-01,18262.17,-1418.38,-7.21,33943,480,Spacewar
2023-04-01,19680.55,-4314.46,-17.98,39834,480,Spacewar
2023-03-01,23995.0,1011.63,4.4,57139,480,Spacewar
2023-02-01,22983.38,4152.88,22.05,78049,480,Spacewar
2023-01-01,18830.5,2120.54,12.69,35633,480,Spacewar
2022-12-01,16709.96,707.77,4.42,31428,480,Spacewar
2022-11-01,16002.2,-357.56,-2.19,31829,480,Spacewar
2022-10-01,16359.76,139.99,0.86,32611,480,Spacewar
2022-09-01,16219.77,-2505.03,-13.38,31939,480,Spacewar
2022-08-01,18724.8,180.47,0.97,30763,480,Spacewar
2022-07-01,18544.33,650.46,3.64,28929,480,Spacewar
2022-06-01,17893.88,1203.88,7.21,30921,480,Spacewar
2022-05-01,16689.99,-66.02,-0.39,32850,480,Spacewar
2022-04-01,16756.01,-47.12,-0.28,33216,480,Spacewar
2022-03-01,16803.12,-1141.95,-6.36,32201,480,Spacewar
2022-02-01,17945.08,-575.13,-3.11,32884,480,Spacewar
2022-01-01,18520.21,2854.43,18.22,34217,480,Spacewar
2021-12-01,15665.78,-172.58,-1.09,28775,480,Spacewar
2021-11-01,15838.35,986.19,6.64,31189,480,Spacewar
2021-10-01,14852.17,26.93,0.18,28333,480,Spacewar
2021-09-01,14825.23,-1807.81,-10.87,28043,480,Spacewar
2021-08-01,16633.04,1540.26,10.21,27227,480,Spacewar
2021-07-01,15092.78,-356.3,-2.31,22825,480,Spacewar
2021-06-01,15449.07,-387.86,-2.45,25459,480,Spacewar
2021-05-01,15836.93,-1878.21,-10.6,26923,480,Spacewar
2021-04-01,17715.14,-1545.75,-8.03,30689,480,Spacewar
2021-03-01,19260.9,-345.86,-1.76,34226,480,Spacewar
2021-02-01,19606.76,2930.22,17.57,36053,480,Spacewar
2021-01-01,16676.54,3010.28,22.03,29117,480,Spacewar
2020-12-01,13666.26,-5926.2,-30.25,25010,480,Spacewar
2020-11-01,19592.46,1989.85,11.3,35455,480,Spacewar
2020-10-01,17602.61,7267.11,70.31,32477,480,Spacewar
2020-09-01,10335.49,493.83,5.02,22888,480,Spacewar
2020-08-01,9841.67,1870.12,23.46,15392,480,Spacewar
2020-07-01,7971.55,-1107.77,-12.2,12609,480,Spacewar
2020-06-01,9079.32,-2366.2,-20.67,15223,480,Spacewar
2020-05-01,11445.51,-130.72,-1.13,19955,480,Spacewar
2020-04-01,11576.23,2333.9,25.25,19091,480,Spacewar
2020-03-01,9242.33,1517.24,19.64,17518,480,Spacewar
2020-02-01,7725.09,632.48,8.92,14278,480,Spacewar
2020-01-01,7092.61,896.86,14.48,12560,480,Spacewar
2019-12-01,6195.76,535.6,9.46,11746,480,Spacewar
2019-11-01,5660.16,48.78,0.87,11035,480,Spacewar
2019-10-01,5611.38,-839.95,-13.02,11501,480,Spacewar
2019-09-01,6451.33,-1993.87,-23.61,14359,480,Spacewar
2019-08-01,8445.2,1319.23,18.51,16151,480,Spacewar
2019-07-01,7125.96,154.41,2.21,11918,480,Spacewar
2019-06-01,6971.55,286.23,4.28,11891,480,Spacewar
2019-05-01,6685.32,-296.71,-4.25,12894,480,Spacewar
2019-04-01,6982.03,-378.8,-5.15,14612,480,Spacewar
2019-03-01,7360.83,-164.76,-2.19,14496,480,Spacewar
2019-02-01,7525.59,-762.8,-9.2,15401,480,Spacewar
2019-01-01,8288.39,1500.27,22.1,15531,480,Spacewar
2018-12-01,6788.12,358.45,5.57,13245,480,Spacewar
2018-11-01,6429.67,130.78,2.08,13375,480,Spacewar
2018-10-01,6298.89,-184.23,-2.84,13040,480,Spacewar
2018-09-01,6483.12,-1254.55,-16.21,12799,480,Spacewar
2018-08-01,7737.67,-204.06,-2.57,12609,480,Spacewar
2018-07-01,7941.72,-1147.9,-12.63,13795,480,Spacewar
2018-06-01,9089.62,-961.12,-9.56,18644,480,Spacewar
2018-05-01,10050.74,3227.77,47.31,22767,480,Spacewar
2018-04-01,6822.96,-146.1,-2.1,16804,480,Spacewar
2018-03-01,6969.06,-27.55,-0.39,14139,480,Spacewar
2018-02-01,6996.62,35.38,0.51,13900,480,Spacewar
2018-01-01,6961.23,648.29,10.27,13590,480,Spacewar
2017-12-01,6312.94,-20.28,-0.32,12269,480,Spacewar
2017-11-01,6333.22,22.93,0.36,12996,480,Spacewar
2017-10-01,6310.29,173.27,2.82,13324,480,Spacewar
2017-09-01,6137.02,-1026.72,-14.33,12311,480,Spacewar
2017-08-01,7163.74,609.5,9.3,13730,480,Spacewar
2017-07-01,6554.24,-572.57,-8.03,10513,480,Spacewar
2017-06-01,7126.81,1447.98,25.5,13076,480,Spacewar
2017-05-01,5678.83,-223.04,-3.78,11914,480,Spacewar
2017-04-01,5901.87,-312.5,-5.03,11338,480,Spacewar
2017-03-01,6214.37,-805.91,-11.48,12241,480,Spacewar
2017-02-01,7020.28,-146.39,-2.04,13379,480,Spacewar
2017-01-01,7166.67,1134.8,18.81,13049,480,Spacewar
2016-12-01,6031.87,377.97,6.69,11646,480,Spacewar
2016-11-01,5653.9,-140.97,-2.43,11577,480,Spacewar
2016-10-01,5794.87,452.33,8.47,12701,480,Spacewar
2016-09-01,5342.53,-1120.41,-17.34,10332,480,Spacewar
2016-08-01,6462.94,-12.15,-0.19,12508,480,Spacewar
2016-07-01,6475.1,601.54,10.24,10199,480,Spacewar
2016-06-01,5873.55,691.61,13.35,10327,480,Spacewar
2016-05-01,5181.94,423.52,8.9,10015,480,Spacewar
2016-04-01,4758.42,-603.43,-11.25,8890,480,Spacewar
2016-03-01,5361.85,4.31,0.08,10537,480,Spacewar
2016-02-01,5357.54,548.78,11.41,11454,480,Spacewar
2016-01-01,4808.76,827.15,20.77,9587,480,Spacewar
2015-12-01,3981.62,437.26,12.34,7464,480,Spacewar
2015-11-01,3544.36,42.02,1.2,6993,480,Spacewar
2015-10-01,3502.33,437.08,14.26,6709,480,Spacewar
2015-09-01,3065.25,-1095.3,-26.33,6599,480,Spacewar
2015-08-01,4160.55,516.79,14.18,6599,480,Spacewar
2015-07-01,3643.76,1240.94,51.65,6884,480,Spacewar
2015-06-01,2402.82,241.89,11.19,4656,480,Spacewar
2015-05-01,2160.93,-267.09,-11.0,4224,480,Spacewar
2015-04-01,2428.02,45.12,1.89,5499,480,Spacewar
2015-03-01,2382.9,-883.71,-27.05,5186,480,Spacewar
2015-02-01,3266.61,944.78,40.69,8705,480,Spacewar
2015-01-01,2321.83,749.99,47.71,8287,480,Spacewar
2014-12-01,1571.84,-90.24,-5.43,3129,480,Spacewar
2014-11-01,1662.08,-389.15,-18.97,3650,480,Spacewar
2014-10-01,2051.24,-147.28,-6.7,4505,480,Spacewar
2014-09-01,2198.51,485.85,28.37,5134,480,Spacewar
2014-08-01,1712.66,-272.08,-13.71,3000,480,Spacewar
2014-07-01,1984.74,521.63,35.65,3892,480,Spacewar
2014-06-01,1463.11,806.21,122.73,4342,480,Spacewar
2014-05-01,656.9,-54.48,-7.66,1309,480,Spacewar
2014-04-01,711.38,69.97,10.91,1463,480,Spacewar
2014-03-01,641.41,-31.33,-4.66,1257,480,Spacewar
2014-02-01,672.74,-6.66,-0.98,1299,480,Spacewar
2014-01-01,679.4,-1.74,-0.26,1406,480,Spacewar
2013-12-01,681.14,-332.75,-32.82,1284,480,Spacewar
2013-11-01,1013.89,402.52,65.84,2723,480,Spacewar
2013-10-01,611.37,-809.22,-56.96,2420,480,Spacewar
2013-09-01,1420.58,177.03,14.24,6579,480,Spacewar
2013-08-01,1243.56,1044.69,525.33,6454,480,Spacewar
2013-07-01,198.87,168.25,549.53,612,480,Spacewar
2013-06-01,30.62,1.33,4.53,74,480,Spacewar
2013-05-01,29.29,-3.19,-9.82,68,480,Spacewar
2013-04-01,32.48,-12.61,-27.96,79,480,Spacewar
2013-03-01,45.09,0.79,1.79,106,480,Spacewar
2013-02-01,44.3,2.41,5.75,101,480,Spacewar
2013-01-01,41.89,0.01,0.03,93,480,Spacewar
2012-12-01,41.87,-1.11,-2.58,92,480,Spacewar
2012-11-01,42.98,-5.85,-11.98,90,480,Spacewar
2012-10-01,48.84,2.32,4.99,119,480,Spacewar
2012-09-01,46.51,-11.65,-20.03,97,480,Spacewar
2012-08-01,58.16,-5.13,-8.11,115,480,Spacewar
2012-07-01,63.29,,,115,480,Spacewar
